column_name,dtype,source_table,attribution_method,domain,position
GEOID,string,national-census-tract-table,shared-backbone,geography,0
STATEFP,string,national-census-tract-table,shared-backbone,geography,1
COUNTYFP,string,national-census-tract-table,shared-backbone,geography,2
state_usps,string,national-census-tract-table,shared-backbone,geography,3
state_name,string,national-census-tract-table,unambiguous,geography,4
ALAND,int64,national-census-tract-table,shared-backbone,geography,5
AWATER,int64,national-census-tract-table,shared-backbone,geography,6
INTPTLAT,string,national-census-tract-table,shared-backbone,geography,7
INTPTLON,string,national-census-tract-table,shared-backbone,geography,8
pop_total,int64,national-census-tract-table,unambiguous,population,9
pop_urban,int64,national-census-tract-table,unambiguous,population,10
pop_rural,int64,national-census-tract-table,unambiguous,population,11
pct_urban,double,national-census-tract-table,unambiguous,population,12
ur_class,string,national-census-tract-table,unambiguous,population,13
tract_vintage,int64,national-census-tract-table,shared-backbone,geography,14
svi_covered,bool,national-svi-tract-table,unambiguous,svi,15
svi_rank_universe,string,national-svi-tract-table,unambiguous,svi,16
svi_overall,double,national-svi-tract-table,unambiguous,svi,17
svi_socioeconomic,double,national-svi-tract-table,unambiguous,svi,18
svi_household,double,national-svi-tract-table,unambiguous,svi,19
svi_minority,double,national-svi-tract-table,unambiguous,svi,20
svi_housing_transport,double,national-svi-tract-table,unambiguous,svi,21
svi_pop,double,national-svi-tract-table,unambiguous,svi,22
svi_year,int64,national-svi-tract-table,unambiguous,svi,23
cvi_covered,bool,national-cvi-tract-table,unambiguous,cvi,24
cvi_xwalk_coverage,double,national-cvi-tract-table,unambiguous,cvi,25
cvi_overall,double,national-cvi-tract-table,unambiguous,cvi,26
cvi_baseline,double,national-cvi-tract-table,unambiguous,cvi,27
cvi_climate,double,national-cvi-tract-table,unambiguous,cvi,28
cvi_baseline_health,double,national-cvi-tract-table,unambiguous,cvi,29
cvi_baseline_socioeconomic,double,national-cvi-tract-table,unambiguous,cvi,30
cvi_baseline_infrastructure,double,national-cvi-tract-table,unambiguous,cvi,31
cvi_baseline_environment,double,national-cvi-tract-table,unambiguous,cvi,32
cvi_climate_health,double,national-cvi-tract-table,unambiguous,cvi,33
cvi_climate_socioeconomic,double,national-cvi-tract-table,unambiguous,cvi,34
cvi_climate_extreme_events,double,national-cvi-tract-table,unambiguous,cvi,35
cvi_source_vintage,int64,national-cvi-tract-table,unambiguous,cvi,36
ruca_covered,bool,national-ruca-tract-table,unambiguous,rurality,37
ruca_primary,double,national-ruca-tract-table,unambiguous,rurality,38
ruca_primary_desc,string,national-ruca-tract-table,unambiguous,rurality,39
ruca_secondary,double,national-ruca-tract-table,unambiguous,rurality,40
ruca_pop_density,double,national-ruca-tract-table,unambiguous,rurality,41
ruca_year,int64,national-ruca-tract-table,unambiguous,rurality,42
rucc_covered,bool,national-rucc-tract-table,unambiguous,rurality,43
rucc_2023,int64,national-rucc-tract-table,unambiguous,rurality,44
rucc_desc,string,national-rucc-tract-table,unambiguous,rurality,45
rucc_metro,bool,national-rucc-tract-table,unambiguous,rurality,46
rucc_year,int64,national-rucc-tract-table,unambiguous,rurality,47
nchs_covered,bool,national-nchs-tract-table,unambiguous,rurality,48
nchs_2013,double,national-nchs-tract-table,unambiguous,rurality,49
nchs_2013_label,string,national-nchs-tract-table,unambiguous,rurality,50
nchs_year,int64,national-nchs-tract-table,unambiguous,rurality,51
tribal_any,bool,national-tribal-tract-table,unambiguous,tribal,52
tribal_pct,double,national-tribal-tract-table,unambiguous,tribal,53
tribal_legal,bool,national-tribal-tract-table,unambiguous,tribal,54
tribal_legal_pct,double,national-tribal-tract-table,unambiguous,tribal,55
tribal_statistical,bool,national-tribal-tract-table,unambiguous,tribal,56
tribal_stat_pct,double,national-tribal-tract-table,unambiguous,tribal,57
aiannh_geoid,string,national-tribal-tract-table,unambiguous,tribal,58
aiannh_name,string,national-tribal-tract-table,unambiguous,tribal,59
aiannh_kind,string,national-tribal-tract-table,unambiguous,tribal,60
usdm_covered,bool,national-usdm-drought-tract-table,unambiguous,drought,61
usdm_summer_dsci,double,national-usdm-drought-tract-table,unambiguous,drought,62
usdm_summer_pct_d0plus,double,national-usdm-drought-tract-table,unambiguous,drought,63
usdm_summer_pct_d2plus,double,national-usdm-drought-tract-table,unambiguous,drought,64
usdm_winter_dsci,double,national-usdm-drought-tract-table,unambiguous,drought,65
usdm_winter_pct_d0plus,double,national-usdm-drought-tract-table,unambiguous,drought,66
usdm_winter_pct_d2plus,double,national-usdm-drought-tract-table,unambiguous,drought,67
usdm_year_min,int64,national-usdm-drought-tract-table,unambiguous,drought,68
usdm_year_max,int64,national-usdm-drought-tract-table,unambiguous,drought,69
usfs_covered,bool,national-usfs-wildfire-tract-table,unambiguous,wildfire,70
usfs_BP_mean,double,national-usfs-wildfire-tract-table,unambiguous,wildfire,71
usfs_CFL_mean,double,national-usfs-wildfire-tract-table,unambiguous,wildfire,72
usfs_CRPS_mean,double,national-usfs-wildfire-tract-table,unambiguous,wildfire,73
usfs_RPS_mean,double,national-usfs-wildfire-tract-table,unambiguous,wildfire,74
usfs_WHP_mean,double,national-usfs-wildfire-tract-table,unambiguous,wildfire,75
usfs_Exposure_mean,double,national-usfs-wildfire-tract-table,unambiguous,wildfire,76
usfs_FLEP4_mean,double,national-usfs-wildfire-tract-table,unambiguous,wildfire,77
usfs_FLEP8_mean,double,national-usfs-wildfire-tract-table,unambiguous,wildfire,78
usfs_CWiRRZ_majority_label,string,national-usfs-wildfire-tract-table,unambiguous,wildfire,79
usfs_CWiRRZ_majority_zone4_label,string,national-usfs-wildfire-tract-table,unambiguous,wildfire,80
usfs_BuildingCount_sum,double,national-usfs-wildfire-tract-table,unambiguous,wildfire,81
usfs_BuildingCover_mean,double,national-usfs-wildfire-tract-table,unambiguous,wildfire,82
usfs_BuildingDensity_mean,double,national-usfs-wildfire-tract-table,unambiguous,wildfire,83
usfs_HUCount_sum,double,national-usfs-wildfire-tract-table,unambiguous,wildfire,84
usfs_HUDen_mean,double,national-usfs-wildfire-tract-table,unambiguous,wildfire,85
usfs_HUExposure_mean,double,national-usfs-wildfire-tract-table,unambiguous,wildfire,86
usfs_HUImpact_mean,double,national-usfs-wildfire-tract-table,unambiguous,wildfire,87
usfs_HURisk_mean,double,national-usfs-wildfire-tract-table,unambiguous,wildfire,88
usfs_PopCount_sum,double,national-usfs-wildfire-tract-table,unambiguous,wildfire,89
usfs_PopDen_mean,double,national-usfs-wildfire-tract-table,unambiguous,wildfire,90
usfs_edition,string,national-usfs-wildfire-tract-table,unambiguous,wildfire,91
usfs_extent,string,national-usfs-wildfire-tract-table,unambiguous,wildfire,92
epht_covered,bool,national-epht-heat-tract-table,unambiguous,heat,93
epht_heat_days_summer,double,national-epht-heat-tract-table,unambiguous,heat,94
epht_heat_days_annual,double,national-epht-heat-tract-table,unambiguous,heat,95
epht_heat_events_summer,double,national-epht-heat-tract-table,unambiguous,heat,96
epht_threshold,string,national-epht-heat-tract-table,unambiguous,heat,97
epht_metric,string,national-epht-heat-tract-table,unambiguous,heat,98
epht_year_min,int64,national-epht-heat-tract-table,unambiguous,heat,99
epht_year_max,int64,national-epht-heat-tract-table,unambiguous,heat,100
carbonplan_covered,bool,national-carbonplan-tract-table,unambiguous,wildfire,101
carbonplan_buildings,double,national-carbonplan-tract-table,unambiguous,wildfire,102
carbonplan_bp_2011_mean,double,national-carbonplan-tract-table,unambiguous,wildfire,103
carbonplan_bp_2011_median,double,national-carbonplan-tract-table,unambiguous,wildfire,104
carbonplan_bp_2047_mean,double,national-carbonplan-tract-table,unambiguous,wildfire,105
carbonplan_crps_mean,double,national-carbonplan-tract-table,unambiguous,wildfire,106
carbonplan_rps_2011_mean,double,national-carbonplan-tract-table,unambiguous,wildfire,107
carbonplan_rps_2011_median,double,national-carbonplan-tract-table,unambiguous,wildfire,108
carbonplan_rps_2047_mean,double,national-carbonplan-tract-table,unambiguous,wildfire,109
carbonplan_version,string,national-carbonplan-tract-table,unambiguous,wildfire,110
usgs_covered,bool,national-usgs-combined-tract-table,unambiguous,wildfire,111
usgs_wildland_fire_burned_pct_area,double,national-usgs-combined-tract-table,unambiguous,wildfire,112
usgs_wildfire_burned_pct_area,double,national-usgs-combined-tract-table,unambiguous,wildfire,113
usgs_wildfire_pct_area_2plus,double,national-usgs-combined-tract-table,unambiguous,wildfire,114
usgs_prescribed_burned_pct_area,double,national-usgs-combined-tract-table,unambiguous,wildfire,115
usgs_wildfire_return_interval_years,double,national-usgs-combined-tract-table,unambiguous,wildfire,116
usgs_wildfire_fires_per_burned_pixel,double,national-usgs-combined-tract-table,unambiguous,wildfire,117
usgs_first_year_burned,double,national-usgs-combined-tract-table,unambiguous,wildfire,118
usgs_last_year_burned,double,national-usgs-combined-tract-table,unambiguous,wildfire,119
usgs_years_since_last_fire,double,national-usgs-combined-tract-table,unambiguous,wildfire,120
usgs_wildfire_ever,bool,national-usgs-combined-tract-table,unambiguous,wildfire,121
usgs_record_start,int64,national-usgs-combined-tract-table,unambiguous,wildfire,122
usgs_record_end,int64,national-usgs-combined-tract-table,unambiguous,wildfire,123
mtbs_covered,bool,national-mtbs-tract-table,unambiguous,wildfire,124
mtbs_wildfire_burned_pct_land,double,national-mtbs-tract-table,unambiguous,wildfire,125
mtbs_wildfire_burned_km2,double,national-mtbs-tract-table,unambiguous,wildfire,126
mtbs_wildfire_fires,int32,national-mtbs-tract-table,unambiguous,wildfire,127
mtbs_wildfire_last_year,double,national-mtbs-tract-table,unambiguous,wildfire,128
mtbs_wildfire_ever,bool,national-mtbs-tract-table,unambiguous,wildfire,129
mtbs_years_since_wildfire,double,national-mtbs-tract-table,unambiguous,wildfire,130
mtbs_prescribed_burned_pct_land,double,national-mtbs-tract-table,unambiguous,wildfire,131
mtbs_year_min,int64,national-mtbs-tract-table,unambiguous,wildfire,132
mtbs_year_max,int64,national-mtbs-tract-table,unambiguous,wildfire,133
mtbs_size_threshold,string,national-mtbs-tract-table,unambiguous,wildfire,134
nifc_covered,bool,national-nifc-tract-table,unambiguous,wildfire,135
nifc_wildfire_burned_pct_land,double,national-nifc-tract-table,unambiguous,wildfire,136
nifc_wildfire_burned_km2,double,national-nifc-tract-table,unambiguous,wildfire,137
nifc_wildfire_fires,int32,national-nifc-tract-table,unambiguous,wildfire,138
nifc_wildfire_last_year,double,national-nifc-tract-table,unambiguous,wildfire,139
nifc_wildfire_ever,bool,national-nifc-tract-table,unambiguous,wildfire,140
nifc_years_since_wildfire,double,national-nifc-tract-table,unambiguous,wildfire,141
nifc_prescribed_burned_pct_land,double,national-nifc-tract-table,unambiguous,wildfire,142
nifc_wildfire_fires_history,int32,national-nifc-tract-table,unambiguous,wildfire,143
nifc_wildfire_fires_wfigs,int32,national-nifc-tract-table,unambiguous,wildfire,144
nifc_year_min,int64,national-nifc-tract-table,unambiguous,wildfire,145
nifc_year_max,int64,national-nifc-tract-table,unambiguous,wildfire,146
fod_covered,bool,national-fpa-fod-tract-table,unambiguous,wildfire,147
fod_fires,int32,national-fpa-fod-tract-table,unambiguous,wildfire,148
fod_acres_ignited,double,national-fpa-fod-tract-table,unambiguous,wildfire,149
fod_ignition_density,double,national-fpa-fod-tract-table,unambiguous,wildfire,150
fod_human_fires,int32,national-fpa-fod-tract-table,unambiguous,wildfire,151
fod_natural_fires,int32,national-fpa-fod-tract-table,unambiguous,wildfire,152
fod_large_fires,int32,national-fpa-fod-tract-table,unambiguous,wildfire,153
fod_human_share,double,national-fpa-fod-tract-table,unambiguous,wildfire,154
fod_human_share_classified,double,national-fpa-fod-tract-table,unambiguous,wildfire,155
fod_cause_unknown_share,double,national-fpa-fod-tract-table,unambiguous,wildfire,156
fod_last_fire_year,double,national-fpa-fod-tract-table,unambiguous,wildfire,157
fod_largest_fire_acres,double,national-fpa-fod-tract-table,unambiguous,wildfire,158
fod_ever,bool,national-fpa-fod-tract-table,unambiguous,wildfire,159
fod_year_min,int64,national-fpa-fod-tract-table,unambiguous,wildfire,160
fod_year_max,int64,national-fpa-fod-tract-table,unambiguous,wildfire,161
fod_edition,string,national-fpa-fod-tract-table,unambiguous,wildfire,162
ghcn_covered,bool,national-noaa-ghcn-tract-table,unambiguous,heat,163
ghcn_stations_in_tract,int32,national-noaa-ghcn-tract-table,unambiguous,heat,164
ghcn_temp_stations_in_tract,int32,national-noaa-ghcn-tract-table,unambiguous,heat,165
ghcn_any_nearest_km,double,national-noaa-ghcn-tract-table,unambiguous,heat,166
ghcn_temp_nearest_km,double,national-noaa-ghcn-tract-table,unambiguous,heat,167
ghcn_prcp_nearest_km,double,national-noaa-ghcn-tract-table,unambiguous,heat,168
ghcn_any_within_25km,int32,national-noaa-ghcn-tract-table,unambiguous,heat,169
ghcn_temp_within_25km,int32,national-noaa-ghcn-tract-table,unambiguous,heat,170
ghcn_anchor_unreliable,bool,national-noaa-ghcn-tract-table,unambiguous,heat,171
ghcn_year_min,int64,national-noaa-ghcn-tract-table,unambiguous,heat,172
ghcn_year_max,int64,national-noaa-ghcn-tract-table,unambiguous,heat,173
cdcw_covered,bool,national-cdc-wonder-tract-table,unambiguous,heat,174
cdcw_grain,string,national-cdc-wonder-tract-table,unambiguous,heat,175
hwd_maxtemp_mean,double,national-cdc-wonder-tract-table,unambiguous,heat,176
hwd_maxtemp_change,double,national-cdc-wonder-tract-table,unambiguous,heat,177
hwd_maxtemp_trend_days_per_decade,double,national-cdc-wonder-tract-table,unambiguous,heat,178
hwd_maxtemp_trend_p,double,national-cdc-wonder-tract-table,unambiguous,heat,179
hwd_maxtemp_never_defined,bool,national-cdc-wonder-tract-table,unambiguous,heat,180
hwd_heatindex_mean,double,national-cdc-wonder-tract-table,unambiguous,heat,181
hwd_heatindex_change,double,national-cdc-wonder-tract-table,unambiguous,heat,182
hwd_heatindex_trend_days_per_decade,double,national-cdc-wonder-tract-table,unambiguous,heat,183
hwd_heatindex_trend_p,double,national-cdc-wonder-tract-table,unambiguous,heat,184
hwd_heatindex_never_defined,bool,national-cdc-wonder-tract-table,unambiguous,heat,185
hwd_heatstress_mean,double,national-cdc-wonder-tract-table,unambiguous,heat,186
hwd_heatstress_change,double,national-cdc-wonder-tract-table,unambiguous,heat,187
hwd_heatstress_trend_days_per_decade,double,national-cdc-wonder-tract-table,unambiguous,heat,188
hwd_heatstress_trend_p,double,national-cdc-wonder-tract-table,unambiguous,heat,189
hwd_heatstress_never_defined,bool,national-cdc-wonder-tract-table,unambiguous,heat,190
cdcw_window_start,int64,national-cdc-wonder-tract-table,unambiguous,heat,191
cdcw_window_end,int64,national-cdc-wonder-tract-table,unambiguous,heat,192
gehe_covered,bool,national-nasa-heat-tract-table,unambiguous,heat,193
gehe_coverage_frac,double,national-nasa-heat-tract-table,unambiguous,heat,194
gehe_wbgt28_days_mean,double,national-nasa-heat-tract-table,unambiguous,heat,195
gehe_wbgt28_days_change,double,national-nasa-heat-tract-table,unambiguous,heat,196
gehe_wbgt28_trend_days_per_yr,double,national-nasa-heat-tract-table,unambiguous,heat,197
gehe_wbgt30_days_mean,double,national-nasa-heat-tract-table,unambiguous,heat,198
gehe_wbgt30_days_change,double,national-nasa-heat-tract-table,unambiguous,heat,199
gehe_wbgt30_trend_days_per_yr,double,national-nasa-heat-tract-table,unambiguous,heat,200
gehe_wbgt32_days_mean,double,national-nasa-heat-tract-table,unambiguous,heat,201
gehe_wbgt32_days_change,double,national-nasa-heat-tract-table,unambiguous,heat,202
gehe_wbgt32_trend_days_per_yr,double,national-nasa-heat-tract-table,unambiguous,heat,203
gehe_record_start,int64,national-nasa-heat-tract-table,unambiguous,heat,204
gehe_record_end,int64,national-nasa-heat-tract-table,unambiguous,heat,205
uhe_covered,bool,national-nasa-heat-tract-table,unambiguous,heat,206
uhe_city_name,string,national-nasa-heat-tract-table,unambiguous,heat,207
uhe_city_country,string,national-nasa-heat-tract-table,unambiguous,heat,208
uhe_overlap_frac,double,national-nasa-heat-tract-table,unambiguous,heat,209
uhe_wbgtmax28_days_per_yr,double,national-nasa-heat-tract-table,unambiguous,heat,210
uhe_wbgtmax30_days_per_yr,double,national-nasa-heat-tract-table,unambiguous,heat,211
uhe_himax461_days_per_yr,double,national-nasa-heat-tract-table,unambiguous,heat,212
pmdi_covered,bool,national-drought-gov-tract-table,unambiguous,drought,213
pmdi_mean,double,national-drought-gov-tract-table,unambiguous,drought,214
pmdi_summer_mean,double,national-drought-gov-tract-table,unambiguous,drought,215
pmdi_winter_mean,double,national-drought-gov-tract-table,unambiguous,drought,216
pmdi_pct_months_severe,double,national-drought-gov-tract-table,unambiguous,drought,217
pmdi_recent_percentile,double,national-drought-gov-tract-table,unambiguous,drought,218
pmdi_mean_1895_2025,double,national-drought-gov-tract-table,unambiguous,drought,219
spi_covered,bool,national-drought-gov-tract-table,unambiguous,drought,220
spi_calibration,double,national-drought-gov-tract-table,unambiguous,drought,221
spi03_mean,double,national-drought-gov-tract-table,unambiguous,drought,222
spi03_summer_mean,double,national-drought-gov-tract-table,unambiguous,drought,223
spi03_winter_mean,double,national-drought-gov-tract-table,unambiguous,drought,224
spi03_pct_months_d2,double,national-drought-gov-tract-table,unambiguous,drought,225
spi12_mean,double,national-drought-gov-tract-table,unambiguous,drought,226
spi12_summer_mean,double,national-drought-gov-tract-table,unambiguous,drought,227
spi12_winter_mean,double,national-drought-gov-tract-table,unambiguous,drought,228
spi12_pct_months_d2,double,national-drought-gov-tract-table,unambiguous,drought,229
drought_gov_window_start,int64,national-drought-gov-tract-table,unambiguous,drought,230
drought_gov_window_end,int64,national-drought-gov-tract-table,unambiguous,drought,231
