column_name,source_table,domain,role,allowed_for_bias,candidate_hypotheses,candidate_hypotheses_reason
GEOID,national-census-tract-table,geography,identifier,False,,"allowed_for_bias=False (Step 5) — not usable for any bias-discovery hypothesis, regardless of role or domain"
STATEFP,national-census-tract-table,geography,identifier,False,,"allowed_for_bias=False (Step 5) — not usable for any bias-discovery hypothesis, regardless of role or domain"
COUNTYFP,national-census-tract-table,geography,identifier,False,,"allowed_for_bias=False (Step 5) — not usable for any bias-discovery hypothesis, regardless of role or domain"
state_usps,national-census-tract-table,geography,identifier,False,,"allowed_for_bias=False (Step 5) — not usable for any bias-discovery hypothesis, regardless of role or domain"
state_name,national-census-tract-table,geography,identifier,False,,"allowed_for_bias=False (Step 5) — not usable for any bias-discovery hypothesis, regardless of role or domain"
ALAND,national-census-tract-table,geography,geometry_measure,True,Tribal Sub-type + Edge Effect; Dispatch-Blind Reachability,tract area/centroid — the raw material for distance-to-boundary edge-effect analysis and a plausible isolation proxy for reachability
AWATER,national-census-tract-table,geography,geometry_measure,True,Tribal Sub-type + Edge Effect; Dispatch-Blind Reachability,tract area/centroid — the raw material for distance-to-boundary edge-effect analysis and a plausible isolation proxy for reachability
INTPTLAT,national-census-tract-table,geography,geometry_measure,True,Tribal Sub-type + Edge Effect; Dispatch-Blind Reachability,tract area/centroid — the raw material for distance-to-boundary edge-effect analysis and a plausible isolation proxy for reachability
INTPTLON,national-census-tract-table,geography,geometry_measure,True,Tribal Sub-type + Edge Effect; Dispatch-Blind Reachability,tract area/centroid — the raw material for distance-to-boundary edge-effect analysis and a plausible isolation proxy for reachability
pop_total,national-census-tract-table,population,population,True,Population Exposure vs. Disparity; Component Dominance; Dispatch-Blind Reachability,"base population figures — directly needed for population-weighted disparity, weighted vulnerability crosstabs, and reachability covariates"
pop_urban,national-census-tract-table,population,population,True,Population Exposure vs. Disparity; Component Dominance; Dispatch-Blind Reachability,"base population figures — directly needed for population-weighted disparity, weighted vulnerability crosstabs, and reachability covariates"
pop_rural,national-census-tract-table,population,population,True,Population Exposure vs. Disparity; Component Dominance; Dispatch-Blind Reachability,"base population figures — directly needed for population-weighted disparity, weighted vulnerability crosstabs, and reachability covariates"
pct_urban,national-census-tract-table,population,population,True,Population Exposure vs. Disparity; Component Dominance; Dispatch-Blind Reachability,"base population figures — directly needed for population-weighted disparity, weighted vulnerability crosstabs, and reachability covariates"
ur_class,national-census-tract-table,population,population,True,Population Exposure vs. Disparity; Component Dominance; Dispatch-Blind Reachability,"base population figures — directly needed for population-weighted disparity, weighted vulnerability crosstabs, and reachability covariates"
tract_vintage,national-census-tract-table,geography,vintage_metadata,False,,"allowed_for_bias=False (Step 5) — not usable for any bias-discovery hypothesis, regardless of role or domain"
svi_covered,national-svi-tract-table,svi,coverage_flag,True,Measurement Eligibility Bias,a <source>_covered flag — whether this strata source has data for a tract at all is exactly what Measurement Eligibility Bias asks
svi_rank_universe,national-svi-tract-table,svi,measurement,True,Measurement Eligibility Bias; Source Provenance x Vulnerability; Component Dominance,svi-domain measurement — generic vulnerability/hazard covariate raw material
svi_overall,national-svi-tract-table,svi,measurement,True,Measurement Eligibility Bias; Source Provenance x Vulnerability; Component Dominance,svi-domain measurement — generic vulnerability/hazard covariate raw material
svi_socioeconomic,national-svi-tract-table,svi,measurement,True,Measurement Eligibility Bias; Source Provenance x Vulnerability; Component Dominance,svi-domain measurement — generic vulnerability/hazard covariate raw material
svi_household,national-svi-tract-table,svi,measurement,True,Measurement Eligibility Bias; Source Provenance x Vulnerability; Component Dominance,svi-domain measurement — generic vulnerability/hazard covariate raw material
svi_minority,national-svi-tract-table,svi,measurement,True,Measurement Eligibility Bias; Source Provenance x Vulnerability; Component Dominance,svi-domain measurement — generic vulnerability/hazard covariate raw material
svi_housing_transport,national-svi-tract-table,svi,measurement,True,Measurement Eligibility Bias; Source Provenance x Vulnerability; Component Dominance,svi-domain measurement — generic vulnerability/hazard covariate raw material
svi_pop,national-svi-tract-table,svi,measurement,True,Measurement Eligibility Bias; Source Provenance x Vulnerability; Component Dominance,svi-domain measurement — generic vulnerability/hazard covariate raw material
svi_year,national-svi-tract-table,svi,vintage_metadata,False,,"allowed_for_bias=False (Step 5) — not usable for any bias-discovery hypothesis, regardless of role or domain"
cvi_covered,national-cvi-tract-table,cvi,coverage_flag,True,Measurement Eligibility Bias,a <source>_covered flag — whether this strata source has data for a tract at all is exactly what Measurement Eligibility Bias asks
cvi_xwalk_coverage,national-cvi-tract-table,cvi,measurement,True,Measurement Eligibility Bias; Source Provenance x Vulnerability; Component Dominance,cvi-domain measurement — generic vulnerability/hazard covariate raw material
cvi_overall,national-cvi-tract-table,cvi,measurement,True,Measurement Eligibility Bias; Source Provenance x Vulnerability; Component Dominance,cvi-domain measurement — generic vulnerability/hazard covariate raw material
cvi_baseline,national-cvi-tract-table,cvi,measurement,True,Measurement Eligibility Bias; Source Provenance x Vulnerability; Component Dominance; CVI Pillar Decomposition,"cvi-domain measurement — generic vulnerability/hazard covariate raw material; also a specific CVI pillar/sub-score column, feeding CVI Pillar Decomposition directly"
cvi_climate,national-cvi-tract-table,cvi,measurement,True,Measurement Eligibility Bias; Source Provenance x Vulnerability; Component Dominance; CVI Pillar Decomposition,"cvi-domain measurement — generic vulnerability/hazard covariate raw material; also a specific CVI pillar/sub-score column, feeding CVI Pillar Decomposition directly"
cvi_baseline_health,national-cvi-tract-table,cvi,measurement,True,Measurement Eligibility Bias; Source Provenance x Vulnerability; Component Dominance; CVI Pillar Decomposition,"cvi-domain measurement — generic vulnerability/hazard covariate raw material; also a specific CVI pillar/sub-score column, feeding CVI Pillar Decomposition directly"
cvi_baseline_socioeconomic,national-cvi-tract-table,cvi,measurement,True,Measurement Eligibility Bias; Source Provenance x Vulnerability; Component Dominance; CVI Pillar Decomposition,"cvi-domain measurement — generic vulnerability/hazard covariate raw material; also a specific CVI pillar/sub-score column, feeding CVI Pillar Decomposition directly"
cvi_baseline_infrastructure,national-cvi-tract-table,cvi,measurement,True,Measurement Eligibility Bias; Source Provenance x Vulnerability; Component Dominance; CVI Pillar Decomposition,"cvi-domain measurement — generic vulnerability/hazard covariate raw material; also a specific CVI pillar/sub-score column, feeding CVI Pillar Decomposition directly"
cvi_baseline_environment,national-cvi-tract-table,cvi,measurement,True,Measurement Eligibility Bias; Source Provenance x Vulnerability; Component Dominance; CVI Pillar Decomposition,"cvi-domain measurement — generic vulnerability/hazard covariate raw material; also a specific CVI pillar/sub-score column, feeding CVI Pillar Decomposition directly"
cvi_climate_health,national-cvi-tract-table,cvi,measurement,True,Measurement Eligibility Bias; Source Provenance x Vulnerability; Component Dominance; CVI Pillar Decomposition,"cvi-domain measurement — generic vulnerability/hazard covariate raw material; also a specific CVI pillar/sub-score column, feeding CVI Pillar Decomposition directly"
cvi_climate_socioeconomic,national-cvi-tract-table,cvi,measurement,True,Measurement Eligibility Bias; Source Provenance x Vulnerability; Component Dominance; CVI Pillar Decomposition,"cvi-domain measurement — generic vulnerability/hazard covariate raw material; also a specific CVI pillar/sub-score column, feeding CVI Pillar Decomposition directly"
cvi_climate_extreme_events,national-cvi-tract-table,cvi,measurement,True,Measurement Eligibility Bias; Source Provenance x Vulnerability; Component Dominance; CVI Pillar Decomposition,"cvi-domain measurement — generic vulnerability/hazard covariate raw material; also a specific CVI pillar/sub-score column, feeding CVI Pillar Decomposition directly"
cvi_source_vintage,national-cvi-tract-table,cvi,vintage_metadata,False,,"allowed_for_bias=False (Step 5) — not usable for any bias-discovery hypothesis, regardless of role or domain"
ruca_covered,national-ruca-tract-table,rurality,coverage_flag,True,Measurement Eligibility Bias,a <source>_covered flag — whether this strata source has data for a tract at all is exactly what Measurement Eligibility Bias asks
ruca_primary,national-ruca-tract-table,rurality,measurement,True,Measurement Eligibility Bias; Source Provenance x Vulnerability; Component Dominance; Dispatch-Blind Reachability; RUCA/RUCC/NCHS Disagreement,"rurality-domain measurement — generic vulnerability/hazard covariate raw material; also one of the three rurality classification systems being compared, feeding RUCA/RUCC/NCHS Disagreement directly"
ruca_primary_desc,national-ruca-tract-table,rurality,measurement,True,Measurement Eligibility Bias; Source Provenance x Vulnerability; Component Dominance; Dispatch-Blind Reachability; RUCA/RUCC/NCHS Disagreement,"rurality-domain measurement — generic vulnerability/hazard covariate raw material; also one of the three rurality classification systems being compared, feeding RUCA/RUCC/NCHS Disagreement directly"
ruca_secondary,national-ruca-tract-table,rurality,measurement,True,Measurement Eligibility Bias; Source Provenance x Vulnerability; Component Dominance; Dispatch-Blind Reachability; RUCA/RUCC/NCHS Disagreement,"rurality-domain measurement — generic vulnerability/hazard covariate raw material; also one of the three rurality classification systems being compared, feeding RUCA/RUCC/NCHS Disagreement directly"
ruca_pop_density,national-ruca-tract-table,rurality,measurement,True,Measurement Eligibility Bias; Source Provenance x Vulnerability; Component Dominance; Dispatch-Blind Reachability,rurality-domain measurement — generic vulnerability/hazard covariate raw material
ruca_year,national-ruca-tract-table,rurality,vintage_metadata,False,,"allowed_for_bias=False (Step 5) — not usable for any bias-discovery hypothesis, regardless of role or domain"
rucc_covered,national-rucc-tract-table,rurality,coverage_flag,False,,"allowed_for_bias=False (Step 5) — not usable for any bias-discovery hypothesis, regardless of role or domain"
rucc_2023,national-rucc-tract-table,rurality,measurement,True,Measurement Eligibility Bias; Source Provenance x Vulnerability; Component Dominance; Dispatch-Blind Reachability; RUCA/RUCC/NCHS Disagreement,"rurality-domain measurement — generic vulnerability/hazard covariate raw material; also one of the three rurality classification systems being compared, feeding RUCA/RUCC/NCHS Disagreement directly"
rucc_desc,national-rucc-tract-table,rurality,measurement,True,Measurement Eligibility Bias; Source Provenance x Vulnerability; Component Dominance; Dispatch-Blind Reachability; RUCA/RUCC/NCHS Disagreement,"rurality-domain measurement — generic vulnerability/hazard covariate raw material; also one of the three rurality classification systems being compared, feeding RUCA/RUCC/NCHS Disagreement directly"
rucc_metro,national-rucc-tract-table,rurality,measurement,True,Measurement Eligibility Bias; Source Provenance x Vulnerability; Component Dominance; Dispatch-Blind Reachability; RUCA/RUCC/NCHS Disagreement,"rurality-domain measurement — generic vulnerability/hazard covariate raw material; also one of the three rurality classification systems being compared, feeding RUCA/RUCC/NCHS Disagreement directly"
rucc_year,national-rucc-tract-table,rurality,vintage_metadata,False,,"allowed_for_bias=False (Step 5) — not usable for any bias-discovery hypothesis, regardless of role or domain"
nchs_covered,national-nchs-tract-table,rurality,coverage_flag,True,Measurement Eligibility Bias,a <source>_covered flag — whether this strata source has data for a tract at all is exactly what Measurement Eligibility Bias asks
nchs_2013,national-nchs-tract-table,rurality,measurement,True,Measurement Eligibility Bias; Source Provenance x Vulnerability; Component Dominance; Dispatch-Blind Reachability; RUCA/RUCC/NCHS Disagreement,"rurality-domain measurement — generic vulnerability/hazard covariate raw material; also one of the three rurality classification systems being compared, feeding RUCA/RUCC/NCHS Disagreement directly"
nchs_2013_label,national-nchs-tract-table,rurality,measurement,True,Measurement Eligibility Bias; Source Provenance x Vulnerability; Component Dominance; Dispatch-Blind Reachability; RUCA/RUCC/NCHS Disagreement,"rurality-domain measurement — generic vulnerability/hazard covariate raw material; also one of the three rurality classification systems being compared, feeding RUCA/RUCC/NCHS Disagreement directly"
nchs_year,national-nchs-tract-table,rurality,vintage_metadata,False,,"allowed_for_bias=False (Step 5) — not usable for any bias-discovery hypothesis, regardless of role or domain"
tribal_any,national-tribal-tract-table,tribal,measurement,True,Measurement Eligibility Bias; Source Provenance x Vulnerability; Component Dominance; Dispatch-Blind Reachability; Tribal Sub-type + Edge Effect; Population Exposure vs. Disparity,tribal-domain measurement — generic vulnerability/hazard covariate raw material
tribal_pct,national-tribal-tract-table,tribal,measurement,True,Measurement Eligibility Bias; Source Provenance x Vulnerability; Component Dominance; Dispatch-Blind Reachability; Tribal Sub-type + Edge Effect; Population Exposure vs. Disparity,tribal-domain measurement — generic vulnerability/hazard covariate raw material
tribal_legal,national-tribal-tract-table,tribal,measurement,True,Measurement Eligibility Bias; Source Provenance x Vulnerability; Component Dominance; Dispatch-Blind Reachability; Tribal Sub-type + Edge Effect; Population Exposure vs. Disparity,tribal-domain measurement — generic vulnerability/hazard covariate raw material
tribal_legal_pct,national-tribal-tract-table,tribal,measurement,True,Measurement Eligibility Bias; Source Provenance x Vulnerability; Component Dominance; Dispatch-Blind Reachability; Tribal Sub-type + Edge Effect; Population Exposure vs. Disparity,tribal-domain measurement — generic vulnerability/hazard covariate raw material
tribal_statistical,national-tribal-tract-table,tribal,measurement,True,Measurement Eligibility Bias; Source Provenance x Vulnerability; Component Dominance; Dispatch-Blind Reachability; Tribal Sub-type + Edge Effect; Population Exposure vs. Disparity,tribal-domain measurement — generic vulnerability/hazard covariate raw material
tribal_stat_pct,national-tribal-tract-table,tribal,measurement,True,Measurement Eligibility Bias; Source Provenance x Vulnerability; Component Dominance; Dispatch-Blind Reachability; Tribal Sub-type + Edge Effect; Population Exposure vs. Disparity,tribal-domain measurement — generic vulnerability/hazard covariate raw material
aiannh_geoid,national-tribal-tract-table,tribal,identity_metadata,True,Tribal Sub-type + Edge Effect; Population Exposure vs. Disparity,"identity-metadata column matched by an explicit, named per-column rule (see module docstring)"
aiannh_name,national-tribal-tract-table,tribal,identity_metadata,True,Tribal Sub-type + Edge Effect; Population Exposure vs. Disparity,"identity-metadata column matched by an explicit, named per-column rule (see module docstring)"
aiannh_kind,national-tribal-tract-table,tribal,measurement,True,Measurement Eligibility Bias; Source Provenance x Vulnerability; Component Dominance; Dispatch-Blind Reachability; Tribal Sub-type + Edge Effect; Population Exposure vs. Disparity,tribal-domain measurement — generic vulnerability/hazard covariate raw material
usdm_covered,national-usdm-drought-tract-table,drought,coverage_flag,True,Measurement Eligibility Bias,a <source>_covered flag — whether this strata source has data for a tract at all is exactly what Measurement Eligibility Bias asks
usdm_summer_dsci,national-usdm-drought-tract-table,drought,measurement,True,Measurement Eligibility Bias; Source Provenance x Vulnerability; Component Dominance,drought-domain measurement — generic vulnerability/hazard covariate raw material
usdm_summer_pct_d0plus,national-usdm-drought-tract-table,drought,measurement,True,Measurement Eligibility Bias; Source Provenance x Vulnerability; Component Dominance,drought-domain measurement — generic vulnerability/hazard covariate raw material
usdm_summer_pct_d2plus,national-usdm-drought-tract-table,drought,measurement,True,Measurement Eligibility Bias; Source Provenance x Vulnerability; Component Dominance,drought-domain measurement — generic vulnerability/hazard covariate raw material
usdm_winter_dsci,national-usdm-drought-tract-table,drought,measurement,True,Measurement Eligibility Bias; Source Provenance x Vulnerability; Component Dominance,drought-domain measurement — generic vulnerability/hazard covariate raw material
usdm_winter_pct_d0plus,national-usdm-drought-tract-table,drought,measurement,True,Measurement Eligibility Bias; Source Provenance x Vulnerability; Component Dominance,drought-domain measurement — generic vulnerability/hazard covariate raw material
usdm_winter_pct_d2plus,national-usdm-drought-tract-table,drought,measurement,True,Measurement Eligibility Bias; Source Provenance x Vulnerability; Component Dominance,drought-domain measurement — generic vulnerability/hazard covariate raw material
usdm_year_min,national-usdm-drought-tract-table,drought,vintage_metadata,False,,"allowed_for_bias=False (Step 5) — not usable for any bias-discovery hypothesis, regardless of role or domain"
usdm_year_max,national-usdm-drought-tract-table,drought,vintage_metadata,False,,"allowed_for_bias=False (Step 5) — not usable for any bias-discovery hypothesis, regardless of role or domain"
usfs_covered,national-usfs-wildfire-tract-table,wildfire,coverage_flag,True,Measurement Eligibility Bias,a <source>_covered flag — whether this strata source has data for a tract at all is exactly what Measurement Eligibility Bias asks
usfs_BP_mean,national-usfs-wildfire-tract-table,wildfire,measurement,True,Measurement Eligibility Bias; Source Provenance x Vulnerability; Component Dominance,wildfire-domain measurement — generic vulnerability/hazard covariate raw material
usfs_CFL_mean,national-usfs-wildfire-tract-table,wildfire,measurement,True,Measurement Eligibility Bias; Source Provenance x Vulnerability; Component Dominance,wildfire-domain measurement — generic vulnerability/hazard covariate raw material
usfs_CRPS_mean,national-usfs-wildfire-tract-table,wildfire,measurement,True,Measurement Eligibility Bias; Source Provenance x Vulnerability; Component Dominance,wildfire-domain measurement — generic vulnerability/hazard covariate raw material
usfs_RPS_mean,national-usfs-wildfire-tract-table,wildfire,measurement,True,Measurement Eligibility Bias; Source Provenance x Vulnerability; Component Dominance,wildfire-domain measurement — generic vulnerability/hazard covariate raw material
usfs_WHP_mean,national-usfs-wildfire-tract-table,wildfire,measurement,True,Measurement Eligibility Bias; Source Provenance x Vulnerability; Component Dominance,wildfire-domain measurement — generic vulnerability/hazard covariate raw material
usfs_Exposure_mean,national-usfs-wildfire-tract-table,wildfire,measurement,True,Measurement Eligibility Bias; Source Provenance x Vulnerability; Component Dominance,wildfire-domain measurement — generic vulnerability/hazard covariate raw material
usfs_FLEP4_mean,national-usfs-wildfire-tract-table,wildfire,measurement,True,Measurement Eligibility Bias; Source Provenance x Vulnerability; Component Dominance,wildfire-domain measurement — generic vulnerability/hazard covariate raw material
usfs_FLEP8_mean,national-usfs-wildfire-tract-table,wildfire,measurement,True,Measurement Eligibility Bias; Source Provenance x Vulnerability; Component Dominance,wildfire-domain measurement — generic vulnerability/hazard covariate raw material
usfs_CWiRRZ_majority_label,national-usfs-wildfire-tract-table,wildfire,measurement,True,Measurement Eligibility Bias; Source Provenance x Vulnerability; Component Dominance,wildfire-domain measurement — generic vulnerability/hazard covariate raw material
usfs_CWiRRZ_majority_zone4_label,national-usfs-wildfire-tract-table,wildfire,measurement,True,Measurement Eligibility Bias; Source Provenance x Vulnerability; Component Dominance,wildfire-domain measurement — generic vulnerability/hazard covariate raw material
usfs_BuildingCount_sum,national-usfs-wildfire-tract-table,wildfire,measurement,True,Measurement Eligibility Bias; Source Provenance x Vulnerability; Component Dominance,wildfire-domain measurement — generic vulnerability/hazard covariate raw material
usfs_BuildingCover_mean,national-usfs-wildfire-tract-table,wildfire,measurement,True,Measurement Eligibility Bias; Source Provenance x Vulnerability; Component Dominance,wildfire-domain measurement — generic vulnerability/hazard covariate raw material
usfs_BuildingDensity_mean,national-usfs-wildfire-tract-table,wildfire,measurement,True,Measurement Eligibility Bias; Source Provenance x Vulnerability; Component Dominance,wildfire-domain measurement — generic vulnerability/hazard covariate raw material
usfs_HUCount_sum,national-usfs-wildfire-tract-table,wildfire,measurement,True,Measurement Eligibility Bias; Source Provenance x Vulnerability; Component Dominance,wildfire-domain measurement — generic vulnerability/hazard covariate raw material
usfs_HUDen_mean,national-usfs-wildfire-tract-table,wildfire,measurement,True,Measurement Eligibility Bias; Source Provenance x Vulnerability; Component Dominance,wildfire-domain measurement — generic vulnerability/hazard covariate raw material
usfs_HUExposure_mean,national-usfs-wildfire-tract-table,wildfire,measurement,True,Measurement Eligibility Bias; Source Provenance x Vulnerability; Component Dominance,wildfire-domain measurement — generic vulnerability/hazard covariate raw material
usfs_HUImpact_mean,national-usfs-wildfire-tract-table,wildfire,measurement,True,Measurement Eligibility Bias; Source Provenance x Vulnerability; Component Dominance,wildfire-domain measurement — generic vulnerability/hazard covariate raw material
usfs_HURisk_mean,national-usfs-wildfire-tract-table,wildfire,measurement,True,Measurement Eligibility Bias; Source Provenance x Vulnerability; Component Dominance,wildfire-domain measurement — generic vulnerability/hazard covariate raw material
usfs_PopCount_sum,national-usfs-wildfire-tract-table,wildfire,measurement,True,Measurement Eligibility Bias; Source Provenance x Vulnerability; Component Dominance,wildfire-domain measurement — generic vulnerability/hazard covariate raw material
usfs_PopDen_mean,national-usfs-wildfire-tract-table,wildfire,measurement,True,Measurement Eligibility Bias; Source Provenance x Vulnerability; Component Dominance,wildfire-domain measurement — generic vulnerability/hazard covariate raw material
usfs_edition,national-usfs-wildfire-tract-table,wildfire,vintage_metadata,False,,"allowed_for_bias=False (Step 5) — not usable for any bias-discovery hypothesis, regardless of role or domain"
usfs_extent,national-usfs-wildfire-tract-table,wildfire,vintage_metadata,False,,"allowed_for_bias=False (Step 5) — not usable for any bias-discovery hypothesis, regardless of role or domain"
epht_covered,national-epht-heat-tract-table,heat,coverage_flag,True,Measurement Eligibility Bias,a <source>_covered flag — whether this strata source has data for a tract at all is exactly what Measurement Eligibility Bias asks
epht_heat_days_summer,national-epht-heat-tract-table,heat,measurement,True,Measurement Eligibility Bias; Source Provenance x Vulnerability; Component Dominance,heat-domain measurement — generic vulnerability/hazard covariate raw material
epht_heat_days_annual,national-epht-heat-tract-table,heat,measurement,True,Measurement Eligibility Bias; Source Provenance x Vulnerability; Component Dominance,heat-domain measurement — generic vulnerability/hazard covariate raw material
epht_heat_events_summer,national-epht-heat-tract-table,heat,measurement,True,Measurement Eligibility Bias; Source Provenance x Vulnerability; Component Dominance,heat-domain measurement — generic vulnerability/hazard covariate raw material
epht_threshold,national-epht-heat-tract-table,heat,vintage_metadata,False,,"allowed_for_bias=False (Step 5) — not usable for any bias-discovery hypothesis, regardless of role or domain"
epht_metric,national-epht-heat-tract-table,heat,vintage_metadata,False,,"allowed_for_bias=False (Step 5) — not usable for any bias-discovery hypothesis, regardless of role or domain"
epht_year_min,national-epht-heat-tract-table,heat,vintage_metadata,False,,"allowed_for_bias=False (Step 5) — not usable for any bias-discovery hypothesis, regardless of role or domain"
epht_year_max,national-epht-heat-tract-table,heat,vintage_metadata,False,,"allowed_for_bias=False (Step 5) — not usable for any bias-discovery hypothesis, regardless of role or domain"
carbonplan_covered,national-carbonplan-tract-table,wildfire,coverage_flag,True,Measurement Eligibility Bias,a <source>_covered flag — whether this strata source has data for a tract at all is exactly what Measurement Eligibility Bias asks
carbonplan_buildings,national-carbonplan-tract-table,wildfire,measurement,True,Measurement Eligibility Bias; Source Provenance x Vulnerability; Component Dominance,wildfire-domain measurement — generic vulnerability/hazard covariate raw material
carbonplan_bp_2011_mean,national-carbonplan-tract-table,wildfire,measurement,True,Measurement Eligibility Bias; Source Provenance x Vulnerability; Component Dominance,wildfire-domain measurement — generic vulnerability/hazard covariate raw material
carbonplan_bp_2011_median,national-carbonplan-tract-table,wildfire,measurement,True,Measurement Eligibility Bias; Source Provenance x Vulnerability; Component Dominance,wildfire-domain measurement — generic vulnerability/hazard covariate raw material
carbonplan_bp_2047_mean,national-carbonplan-tract-table,wildfire,measurement,True,Measurement Eligibility Bias; Source Provenance x Vulnerability; Component Dominance,wildfire-domain measurement — generic vulnerability/hazard covariate raw material
carbonplan_crps_mean,national-carbonplan-tract-table,wildfire,measurement,True,Measurement Eligibility Bias; Source Provenance x Vulnerability; Component Dominance,wildfire-domain measurement — generic vulnerability/hazard covariate raw material
carbonplan_rps_2011_mean,national-carbonplan-tract-table,wildfire,measurement,True,Measurement Eligibility Bias; Source Provenance x Vulnerability; Component Dominance,wildfire-domain measurement — generic vulnerability/hazard covariate raw material
carbonplan_rps_2011_median,national-carbonplan-tract-table,wildfire,measurement,True,Measurement Eligibility Bias; Source Provenance x Vulnerability; Component Dominance,wildfire-domain measurement — generic vulnerability/hazard covariate raw material
carbonplan_rps_2047_mean,national-carbonplan-tract-table,wildfire,measurement,True,Measurement Eligibility Bias; Source Provenance x Vulnerability; Component Dominance,wildfire-domain measurement — generic vulnerability/hazard covariate raw material
carbonplan_version,national-carbonplan-tract-table,wildfire,vintage_metadata,False,,"allowed_for_bias=False (Step 5) — not usable for any bias-discovery hypothesis, regardless of role or domain"
usgs_covered,national-usgs-combined-tract-table,wildfire,coverage_flag,True,Measurement Eligibility Bias,a <source>_covered flag — whether this strata source has data for a tract at all is exactly what Measurement Eligibility Bias asks
usgs_wildland_fire_burned_pct_area,national-usgs-combined-tract-table,wildfire,measurement,True,Measurement Eligibility Bias; Source Provenance x Vulnerability; Component Dominance,wildfire-domain measurement — generic vulnerability/hazard covariate raw material
usgs_wildfire_burned_pct_area,national-usgs-combined-tract-table,wildfire,measurement,True,Measurement Eligibility Bias; Source Provenance x Vulnerability; Component Dominance,wildfire-domain measurement — generic vulnerability/hazard covariate raw material
usgs_wildfire_pct_area_2plus,national-usgs-combined-tract-table,wildfire,measurement,True,Measurement Eligibility Bias; Source Provenance x Vulnerability; Component Dominance,wildfire-domain measurement — generic vulnerability/hazard covariate raw material
usgs_prescribed_burned_pct_area,national-usgs-combined-tract-table,wildfire,measurement,True,Measurement Eligibility Bias; Source Provenance x Vulnerability; Component Dominance,wildfire-domain measurement — generic vulnerability/hazard covariate raw material
usgs_wildfire_return_interval_years,national-usgs-combined-tract-table,wildfire,measurement,True,Measurement Eligibility Bias; Source Provenance x Vulnerability; Component Dominance,wildfire-domain measurement — generic vulnerability/hazard covariate raw material
usgs_wildfire_fires_per_burned_pixel,national-usgs-combined-tract-table,wildfire,measurement,True,Measurement Eligibility Bias; Source Provenance x Vulnerability; Component Dominance,wildfire-domain measurement — generic vulnerability/hazard covariate raw material
usgs_first_year_burned,national-usgs-combined-tract-table,wildfire,measurement,True,Measurement Eligibility Bias; Source Provenance x Vulnerability; Component Dominance,wildfire-domain measurement — generic vulnerability/hazard covariate raw material
usgs_last_year_burned,national-usgs-combined-tract-table,wildfire,measurement,True,Measurement Eligibility Bias; Source Provenance x Vulnerability; Component Dominance,wildfire-domain measurement — generic vulnerability/hazard covariate raw material
usgs_years_since_last_fire,national-usgs-combined-tract-table,wildfire,measurement,True,Measurement Eligibility Bias; Source Provenance x Vulnerability; Component Dominance,wildfire-domain measurement — generic vulnerability/hazard covariate raw material
usgs_wildfire_ever,national-usgs-combined-tract-table,wildfire,derived_ever_flag,True,Measurement Eligibility Bias; Component Dominance,real per-tract hazard-history signal (paired with its own _covered flag) that feeds both the measurement-eligibility question and the component-dominance vulnerability crosstab
usgs_record_start,national-usgs-combined-tract-table,wildfire,vintage_metadata,False,,"allowed_for_bias=False (Step 5) — not usable for any bias-discovery hypothesis, regardless of role or domain"
usgs_record_end,national-usgs-combined-tract-table,wildfire,vintage_metadata,False,,"allowed_for_bias=False (Step 5) — not usable for any bias-discovery hypothesis, regardless of role or domain"
mtbs_covered,national-mtbs-tract-table,wildfire,coverage_flag,True,Measurement Eligibility Bias,a <source>_covered flag — whether this strata source has data for a tract at all is exactly what Measurement Eligibility Bias asks
mtbs_wildfire_burned_pct_land,national-mtbs-tract-table,wildfire,measurement,True,Measurement Eligibility Bias; Source Provenance x Vulnerability; Component Dominance,wildfire-domain measurement — generic vulnerability/hazard covariate raw material
mtbs_wildfire_burned_km2,national-mtbs-tract-table,wildfire,measurement,True,Measurement Eligibility Bias; Source Provenance x Vulnerability; Component Dominance,wildfire-domain measurement — generic vulnerability/hazard covariate raw material
mtbs_wildfire_fires,national-mtbs-tract-table,wildfire,measurement,True,Measurement Eligibility Bias; Source Provenance x Vulnerability; Component Dominance,wildfire-domain measurement — generic vulnerability/hazard covariate raw material
mtbs_wildfire_last_year,national-mtbs-tract-table,wildfire,measurement,True,Measurement Eligibility Bias; Source Provenance x Vulnerability; Component Dominance,wildfire-domain measurement — generic vulnerability/hazard covariate raw material
mtbs_wildfire_ever,national-mtbs-tract-table,wildfire,derived_ever_flag,True,Measurement Eligibility Bias; Component Dominance,real per-tract hazard-history signal (paired with its own _covered flag) that feeds both the measurement-eligibility question and the component-dominance vulnerability crosstab
mtbs_years_since_wildfire,national-mtbs-tract-table,wildfire,measurement,True,Measurement Eligibility Bias; Source Provenance x Vulnerability; Component Dominance,wildfire-domain measurement — generic vulnerability/hazard covariate raw material
mtbs_prescribed_burned_pct_land,national-mtbs-tract-table,wildfire,measurement,True,Measurement Eligibility Bias; Source Provenance x Vulnerability; Component Dominance,wildfire-domain measurement — generic vulnerability/hazard covariate raw material
mtbs_year_min,national-mtbs-tract-table,wildfire,vintage_metadata,False,,"allowed_for_bias=False (Step 5) — not usable for any bias-discovery hypothesis, regardless of role or domain"
mtbs_year_max,national-mtbs-tract-table,wildfire,vintage_metadata,False,,"allowed_for_bias=False (Step 5) — not usable for any bias-discovery hypothesis, regardless of role or domain"
mtbs_size_threshold,national-mtbs-tract-table,wildfire,vintage_metadata,False,,"allowed_for_bias=False (Step 5) — not usable for any bias-discovery hypothesis, regardless of role or domain"
nifc_covered,national-nifc-tract-table,wildfire,coverage_flag,True,Measurement Eligibility Bias,a <source>_covered flag — whether this strata source has data for a tract at all is exactly what Measurement Eligibility Bias asks
nifc_wildfire_burned_pct_land,national-nifc-tract-table,wildfire,measurement,True,Measurement Eligibility Bias; Source Provenance x Vulnerability; Component Dominance,wildfire-domain measurement — generic vulnerability/hazard covariate raw material
nifc_wildfire_burned_km2,national-nifc-tract-table,wildfire,measurement,True,Measurement Eligibility Bias; Source Provenance x Vulnerability; Component Dominance,wildfire-domain measurement — generic vulnerability/hazard covariate raw material
nifc_wildfire_fires,national-nifc-tract-table,wildfire,measurement,True,Measurement Eligibility Bias; Source Provenance x Vulnerability; Component Dominance,wildfire-domain measurement — generic vulnerability/hazard covariate raw material
nifc_wildfire_last_year,national-nifc-tract-table,wildfire,measurement,True,Measurement Eligibility Bias; Source Provenance x Vulnerability; Component Dominance,wildfire-domain measurement — generic vulnerability/hazard covariate raw material
nifc_wildfire_ever,national-nifc-tract-table,wildfire,derived_ever_flag,True,Measurement Eligibility Bias; Component Dominance,real per-tract hazard-history signal (paired with its own _covered flag) that feeds both the measurement-eligibility question and the component-dominance vulnerability crosstab
nifc_years_since_wildfire,national-nifc-tract-table,wildfire,measurement,True,Measurement Eligibility Bias; Source Provenance x Vulnerability; Component Dominance,wildfire-domain measurement — generic vulnerability/hazard covariate raw material
nifc_prescribed_burned_pct_land,national-nifc-tract-table,wildfire,measurement,True,Measurement Eligibility Bias; Source Provenance x Vulnerability; Component Dominance,wildfire-domain measurement — generic vulnerability/hazard covariate raw material
nifc_wildfire_fires_history,national-nifc-tract-table,wildfire,measurement,True,Measurement Eligibility Bias; Source Provenance x Vulnerability; Component Dominance,wildfire-domain measurement — generic vulnerability/hazard covariate raw material
nifc_wildfire_fires_wfigs,national-nifc-tract-table,wildfire,measurement,True,Measurement Eligibility Bias; Source Provenance x Vulnerability; Component Dominance,wildfire-domain measurement — generic vulnerability/hazard covariate raw material
nifc_year_min,national-nifc-tract-table,wildfire,vintage_metadata,False,,"allowed_for_bias=False (Step 5) — not usable for any bias-discovery hypothesis, regardless of role or domain"
nifc_year_max,national-nifc-tract-table,wildfire,vintage_metadata,False,,"allowed_for_bias=False (Step 5) — not usable for any bias-discovery hypothesis, regardless of role or domain"
fod_covered,national-fpa-fod-tract-table,wildfire,coverage_flag,True,Measurement Eligibility Bias,a <source>_covered flag — whether this strata source has data for a tract at all is exactly what Measurement Eligibility Bias asks
fod_fires,national-fpa-fod-tract-table,wildfire,measurement,True,Measurement Eligibility Bias; Source Provenance x Vulnerability; Component Dominance,wildfire-domain measurement — generic vulnerability/hazard covariate raw material
fod_acres_ignited,national-fpa-fod-tract-table,wildfire,measurement,True,Measurement Eligibility Bias; Source Provenance x Vulnerability; Component Dominance,wildfire-domain measurement — generic vulnerability/hazard covariate raw material
fod_ignition_density,national-fpa-fod-tract-table,wildfire,measurement,True,Measurement Eligibility Bias; Source Provenance x Vulnerability; Component Dominance,wildfire-domain measurement — generic vulnerability/hazard covariate raw material
fod_human_fires,national-fpa-fod-tract-table,wildfire,measurement,True,Measurement Eligibility Bias; Source Provenance x Vulnerability; Component Dominance,wildfire-domain measurement — generic vulnerability/hazard covariate raw material
fod_natural_fires,national-fpa-fod-tract-table,wildfire,measurement,True,Measurement Eligibility Bias; Source Provenance x Vulnerability; Component Dominance,wildfire-domain measurement — generic vulnerability/hazard covariate raw material
fod_large_fires,national-fpa-fod-tract-table,wildfire,measurement,True,Measurement Eligibility Bias; Source Provenance x Vulnerability; Component Dominance,wildfire-domain measurement — generic vulnerability/hazard covariate raw material
fod_human_share,national-fpa-fod-tract-table,wildfire,measurement,True,Measurement Eligibility Bias; Source Provenance x Vulnerability; Component Dominance,wildfire-domain measurement — generic vulnerability/hazard covariate raw material
fod_human_share_classified,national-fpa-fod-tract-table,wildfire,measurement,True,Measurement Eligibility Bias; Source Provenance x Vulnerability; Component Dominance,wildfire-domain measurement — generic vulnerability/hazard covariate raw material
fod_cause_unknown_share,national-fpa-fod-tract-table,wildfire,measurement,True,Measurement Eligibility Bias; Source Provenance x Vulnerability; Component Dominance,wildfire-domain measurement — generic vulnerability/hazard covariate raw material
fod_last_fire_year,national-fpa-fod-tract-table,wildfire,measurement,True,Measurement Eligibility Bias; Source Provenance x Vulnerability; Component Dominance,wildfire-domain measurement — generic vulnerability/hazard covariate raw material
fod_largest_fire_acres,national-fpa-fod-tract-table,wildfire,measurement,True,Measurement Eligibility Bias; Source Provenance x Vulnerability; Component Dominance,wildfire-domain measurement — generic vulnerability/hazard covariate raw material
fod_ever,national-fpa-fod-tract-table,wildfire,derived_ever_flag,True,Measurement Eligibility Bias; Component Dominance,real per-tract hazard-history signal (paired with its own _covered flag) that feeds both the measurement-eligibility question and the component-dominance vulnerability crosstab
fod_year_min,national-fpa-fod-tract-table,wildfire,vintage_metadata,False,,"allowed_for_bias=False (Step 5) — not usable for any bias-discovery hypothesis, regardless of role or domain"
fod_year_max,national-fpa-fod-tract-table,wildfire,vintage_metadata,False,,"allowed_for_bias=False (Step 5) — not usable for any bias-discovery hypothesis, regardless of role or domain"
fod_edition,national-fpa-fod-tract-table,wildfire,vintage_metadata,False,,"allowed_for_bias=False (Step 5) — not usable for any bias-discovery hypothesis, regardless of role or domain"
ghcn_covered,national-noaa-ghcn-tract-table,heat,coverage_flag,False,,"allowed_for_bias=False (Step 5) — not usable for any bias-discovery hypothesis, regardless of role or domain"
ghcn_stations_in_tract,national-noaa-ghcn-tract-table,heat,measurement,True,Measurement Eligibility Bias; Source Provenance x Vulnerability; Component Dominance,heat-domain measurement — generic vulnerability/hazard covariate raw material
ghcn_temp_stations_in_tract,national-noaa-ghcn-tract-table,heat,measurement,True,Measurement Eligibility Bias; Source Provenance x Vulnerability; Component Dominance,heat-domain measurement — generic vulnerability/hazard covariate raw material
ghcn_any_nearest_km,national-noaa-ghcn-tract-table,heat,measurement,True,Measurement Eligibility Bias; Source Provenance x Vulnerability; Component Dominance,heat-domain measurement — generic vulnerability/hazard covariate raw material
ghcn_temp_nearest_km,national-noaa-ghcn-tract-table,heat,measurement,True,Measurement Eligibility Bias; Source Provenance x Vulnerability; Component Dominance,heat-domain measurement — generic vulnerability/hazard covariate raw material
ghcn_prcp_nearest_km,national-noaa-ghcn-tract-table,heat,measurement,True,Measurement Eligibility Bias; Source Provenance x Vulnerability; Component Dominance,heat-domain measurement — generic vulnerability/hazard covariate raw material
ghcn_any_within_25km,national-noaa-ghcn-tract-table,heat,measurement,True,Measurement Eligibility Bias; Source Provenance x Vulnerability; Component Dominance,heat-domain measurement — generic vulnerability/hazard covariate raw material
ghcn_temp_within_25km,national-noaa-ghcn-tract-table,heat,measurement,True,Measurement Eligibility Bias; Source Provenance x Vulnerability; Component Dominance,heat-domain measurement — generic vulnerability/hazard covariate raw material
ghcn_anchor_unreliable,national-noaa-ghcn-tract-table,heat,measurement,True,Measurement Eligibility Bias; Source Provenance x Vulnerability; Component Dominance,heat-domain measurement — generic vulnerability/hazard covariate raw material
ghcn_year_min,national-noaa-ghcn-tract-table,heat,vintage_metadata,False,,"allowed_for_bias=False (Step 5) — not usable for any bias-discovery hypothesis, regardless of role or domain"
ghcn_year_max,national-noaa-ghcn-tract-table,heat,vintage_metadata,False,,"allowed_for_bias=False (Step 5) — not usable for any bias-discovery hypothesis, regardless of role or domain"
cdcw_covered,national-cdc-wonder-tract-table,heat,coverage_flag,True,Measurement Eligibility Bias,a <source>_covered flag — whether this strata source has data for a tract at all is exactly what Measurement Eligibility Bias asks
cdcw_grain,national-cdc-wonder-tract-table,heat,vintage_metadata,False,,"allowed_for_bias=False (Step 5) — not usable for any bias-discovery hypothesis, regardless of role or domain"
hwd_maxtemp_mean,national-cdc-wonder-tract-table,heat,measurement,True,Measurement Eligibility Bias; Source Provenance x Vulnerability; Component Dominance,heat-domain measurement — generic vulnerability/hazard covariate raw material
hwd_maxtemp_change,national-cdc-wonder-tract-table,heat,measurement,True,Measurement Eligibility Bias; Source Provenance x Vulnerability; Component Dominance,heat-domain measurement — generic vulnerability/hazard covariate raw material
hwd_maxtemp_trend_days_per_decade,national-cdc-wonder-tract-table,heat,measurement,True,Measurement Eligibility Bias; Source Provenance x Vulnerability; Component Dominance,heat-domain measurement — generic vulnerability/hazard covariate raw material
hwd_maxtemp_trend_p,national-cdc-wonder-tract-table,heat,measurement,True,Measurement Eligibility Bias; Source Provenance x Vulnerability; Component Dominance,heat-domain measurement — generic vulnerability/hazard covariate raw material
hwd_maxtemp_never_defined,national-cdc-wonder-tract-table,heat,measurement,False,,"allowed_for_bias=False (Step 5) — not usable for any bias-discovery hypothesis, regardless of role or domain"
hwd_heatindex_mean,national-cdc-wonder-tract-table,heat,measurement,True,Measurement Eligibility Bias; Source Provenance x Vulnerability; Component Dominance,heat-domain measurement — generic vulnerability/hazard covariate raw material
hwd_heatindex_change,national-cdc-wonder-tract-table,heat,measurement,True,Measurement Eligibility Bias; Source Provenance x Vulnerability; Component Dominance,heat-domain measurement — generic vulnerability/hazard covariate raw material
hwd_heatindex_trend_days_per_decade,national-cdc-wonder-tract-table,heat,measurement,True,Measurement Eligibility Bias; Source Provenance x Vulnerability; Component Dominance,heat-domain measurement — generic vulnerability/hazard covariate raw material
hwd_heatindex_trend_p,national-cdc-wonder-tract-table,heat,measurement,True,Measurement Eligibility Bias; Source Provenance x Vulnerability; Component Dominance,heat-domain measurement — generic vulnerability/hazard covariate raw material
hwd_heatindex_never_defined,national-cdc-wonder-tract-table,heat,measurement,True,Measurement Eligibility Bias; Source Provenance x Vulnerability; Component Dominance,heat-domain measurement — generic vulnerability/hazard covariate raw material
hwd_heatstress_mean,national-cdc-wonder-tract-table,heat,measurement,True,Measurement Eligibility Bias; Source Provenance x Vulnerability; Component Dominance,heat-domain measurement — generic vulnerability/hazard covariate raw material
hwd_heatstress_change,national-cdc-wonder-tract-table,heat,measurement,True,Measurement Eligibility Bias; Source Provenance x Vulnerability; Component Dominance,heat-domain measurement — generic vulnerability/hazard covariate raw material
hwd_heatstress_trend_days_per_decade,national-cdc-wonder-tract-table,heat,measurement,True,Measurement Eligibility Bias; Source Provenance x Vulnerability; Component Dominance,heat-domain measurement — generic vulnerability/hazard covariate raw material
hwd_heatstress_trend_p,national-cdc-wonder-tract-table,heat,measurement,True,Measurement Eligibility Bias; Source Provenance x Vulnerability; Component Dominance,heat-domain measurement — generic vulnerability/hazard covariate raw material
hwd_heatstress_never_defined,national-cdc-wonder-tract-table,heat,measurement,True,Measurement Eligibility Bias; Source Provenance x Vulnerability; Component Dominance,heat-domain measurement — generic vulnerability/hazard covariate raw material
cdcw_window_start,national-cdc-wonder-tract-table,heat,vintage_metadata,False,,"allowed_for_bias=False (Step 5) — not usable for any bias-discovery hypothesis, regardless of role or domain"
cdcw_window_end,national-cdc-wonder-tract-table,heat,vintage_metadata,False,,"allowed_for_bias=False (Step 5) — not usable for any bias-discovery hypothesis, regardless of role or domain"
gehe_covered,national-nasa-heat-tract-table,heat,coverage_flag,True,Measurement Eligibility Bias,a <source>_covered flag — whether this strata source has data for a tract at all is exactly what Measurement Eligibility Bias asks
gehe_coverage_frac,national-nasa-heat-tract-table,heat,measurement,True,Measurement Eligibility Bias; Source Provenance x Vulnerability; Component Dominance,heat-domain measurement — generic vulnerability/hazard covariate raw material
gehe_wbgt28_days_mean,national-nasa-heat-tract-table,heat,measurement,True,Measurement Eligibility Bias; Source Provenance x Vulnerability; Component Dominance,heat-domain measurement — generic vulnerability/hazard covariate raw material
gehe_wbgt28_days_change,national-nasa-heat-tract-table,heat,measurement,True,Measurement Eligibility Bias; Source Provenance x Vulnerability; Component Dominance,heat-domain measurement — generic vulnerability/hazard covariate raw material
gehe_wbgt28_trend_days_per_yr,national-nasa-heat-tract-table,heat,measurement,True,Measurement Eligibility Bias; Source Provenance x Vulnerability; Component Dominance,heat-domain measurement — generic vulnerability/hazard covariate raw material
gehe_wbgt30_days_mean,national-nasa-heat-tract-table,heat,measurement,True,Measurement Eligibility Bias; Source Provenance x Vulnerability; Component Dominance,heat-domain measurement — generic vulnerability/hazard covariate raw material
gehe_wbgt30_days_change,national-nasa-heat-tract-table,heat,measurement,True,Measurement Eligibility Bias; Source Provenance x Vulnerability; Component Dominance,heat-domain measurement — generic vulnerability/hazard covariate raw material
gehe_wbgt30_trend_days_per_yr,national-nasa-heat-tract-table,heat,measurement,True,Measurement Eligibility Bias; Source Provenance x Vulnerability; Component Dominance,heat-domain measurement — generic vulnerability/hazard covariate raw material
gehe_wbgt32_days_mean,national-nasa-heat-tract-table,heat,measurement,True,Measurement Eligibility Bias; Source Provenance x Vulnerability; Component Dominance,heat-domain measurement — generic vulnerability/hazard covariate raw material
gehe_wbgt32_days_change,national-nasa-heat-tract-table,heat,measurement,True,Measurement Eligibility Bias; Source Provenance x Vulnerability; Component Dominance,heat-domain measurement — generic vulnerability/hazard covariate raw material
gehe_wbgt32_trend_days_per_yr,national-nasa-heat-tract-table,heat,measurement,True,Measurement Eligibility Bias; Source Provenance x Vulnerability; Component Dominance,heat-domain measurement — generic vulnerability/hazard covariate raw material
gehe_record_start,national-nasa-heat-tract-table,heat,vintage_metadata,False,,"allowed_for_bias=False (Step 5) — not usable for any bias-discovery hypothesis, regardless of role or domain"
gehe_record_end,national-nasa-heat-tract-table,heat,vintage_metadata,False,,"allowed_for_bias=False (Step 5) — not usable for any bias-discovery hypothesis, regardless of role or domain"
uhe_covered,national-nasa-heat-tract-table,heat,coverage_flag,True,Measurement Eligibility Bias,a <source>_covered flag — whether this strata source has data for a tract at all is exactly what Measurement Eligibility Bias asks
uhe_city_name,national-nasa-heat-tract-table,heat,identity_metadata,True,Source Provenance x Vulnerability,"identity-metadata column matched by an explicit, named per-column rule (see module docstring)"
uhe_city_country,national-nasa-heat-tract-table,heat,identity_metadata,True,Source Provenance x Vulnerability,"identity-metadata column matched by an explicit, named per-column rule (see module docstring)"
uhe_overlap_frac,national-nasa-heat-tract-table,heat,measurement,True,Measurement Eligibility Bias; Source Provenance x Vulnerability; Component Dominance,heat-domain measurement — generic vulnerability/hazard covariate raw material
uhe_wbgtmax28_days_per_yr,national-nasa-heat-tract-table,heat,measurement,True,Measurement Eligibility Bias; Source Provenance x Vulnerability; Component Dominance,heat-domain measurement — generic vulnerability/hazard covariate raw material
uhe_wbgtmax30_days_per_yr,national-nasa-heat-tract-table,heat,measurement,True,Measurement Eligibility Bias; Source Provenance x Vulnerability; Component Dominance,heat-domain measurement — generic vulnerability/hazard covariate raw material
uhe_himax461_days_per_yr,national-nasa-heat-tract-table,heat,measurement,True,Measurement Eligibility Bias; Source Provenance x Vulnerability; Component Dominance,heat-domain measurement — generic vulnerability/hazard covariate raw material
pmdi_covered,national-drought-gov-tract-table,drought,coverage_flag,True,Measurement Eligibility Bias,a <source>_covered flag — whether this strata source has data for a tract at all is exactly what Measurement Eligibility Bias asks
pmdi_mean,national-drought-gov-tract-table,drought,measurement,True,Measurement Eligibility Bias; Source Provenance x Vulnerability; Component Dominance,drought-domain measurement — generic vulnerability/hazard covariate raw material
pmdi_summer_mean,national-drought-gov-tract-table,drought,measurement,True,Measurement Eligibility Bias; Source Provenance x Vulnerability; Component Dominance,drought-domain measurement — generic vulnerability/hazard covariate raw material
pmdi_winter_mean,national-drought-gov-tract-table,drought,measurement,True,Measurement Eligibility Bias; Source Provenance x Vulnerability; Component Dominance,drought-domain measurement — generic vulnerability/hazard covariate raw material
pmdi_pct_months_severe,national-drought-gov-tract-table,drought,measurement,True,Measurement Eligibility Bias; Source Provenance x Vulnerability; Component Dominance,drought-domain measurement — generic vulnerability/hazard covariate raw material
pmdi_recent_percentile,national-drought-gov-tract-table,drought,measurement,True,Measurement Eligibility Bias; Source Provenance x Vulnerability; Component Dominance,drought-domain measurement — generic vulnerability/hazard covariate raw material
pmdi_mean_1895_2025,national-drought-gov-tract-table,drought,measurement,True,Measurement Eligibility Bias; Source Provenance x Vulnerability; Component Dominance,drought-domain measurement — generic vulnerability/hazard covariate raw material
spi_covered,national-drought-gov-tract-table,drought,coverage_flag,True,Measurement Eligibility Bias,a <source>_covered flag — whether this strata source has data for a tract at all is exactly what Measurement Eligibility Bias asks
spi_calibration,national-drought-gov-tract-table,drought,vintage_metadata,False,,"allowed_for_bias=False (Step 5) — not usable for any bias-discovery hypothesis, regardless of role or domain"
spi03_mean,national-drought-gov-tract-table,drought,measurement,True,Measurement Eligibility Bias; Source Provenance x Vulnerability; Component Dominance,drought-domain measurement — generic vulnerability/hazard covariate raw material
spi03_summer_mean,national-drought-gov-tract-table,drought,measurement,True,Measurement Eligibility Bias; Source Provenance x Vulnerability; Component Dominance,drought-domain measurement — generic vulnerability/hazard covariate raw material
spi03_winter_mean,national-drought-gov-tract-table,drought,measurement,True,Measurement Eligibility Bias; Source Provenance x Vulnerability; Component Dominance,drought-domain measurement — generic vulnerability/hazard covariate raw material
spi03_pct_months_d2,national-drought-gov-tract-table,drought,measurement,True,Measurement Eligibility Bias; Source Provenance x Vulnerability; Component Dominance,drought-domain measurement — generic vulnerability/hazard covariate raw material
spi12_mean,national-drought-gov-tract-table,drought,measurement,True,Measurement Eligibility Bias; Source Provenance x Vulnerability; Component Dominance,drought-domain measurement — generic vulnerability/hazard covariate raw material
spi12_summer_mean,national-drought-gov-tract-table,drought,measurement,True,Measurement Eligibility Bias; Source Provenance x Vulnerability; Component Dominance,drought-domain measurement — generic vulnerability/hazard covariate raw material
spi12_winter_mean,national-drought-gov-tract-table,drought,measurement,True,Measurement Eligibility Bias; Source Provenance x Vulnerability; Component Dominance,drought-domain measurement — generic vulnerability/hazard covariate raw material
spi12_pct_months_d2,national-drought-gov-tract-table,drought,measurement,True,Measurement Eligibility Bias; Source Provenance x Vulnerability; Component Dominance,drought-domain measurement — generic vulnerability/hazard covariate raw material
drought_gov_window_start,national-drought-gov-tract-table,drought,vintage_metadata,False,,"allowed_for_bias=False (Step 5) — not usable for any bias-discovery hypothesis, regardless of role or domain"
drought_gov_window_end,national-drought-gov-tract-table,drought,vintage_metadata,False,,"allowed_for_bias=False (Step 5) — not usable for any bias-discovery hypothesis, regardless of role or domain"
