key,size_bytes,e_tag,last_modified
humane-intelligence/bias-bounty-mapping-equity-challenge/boundaries/all-aois.geojson,4343091,"""88d1747ceebbdbd3e1ec7c289ca099be""",2026-08-26 15:45:32+00:00
humane-intelligence/bias-bounty-mapping-equity-challenge/boundaries/eastern-ok-aoi.geojson,554630,"""7ae0a4f3b613098d65c33c457be2f17d""",2026-08-12 18:55:33+00:00
humane-intelligence/bias-bounty-mapping-equity-challenge/boundaries/eastern-ok-tract-geoids.csv,14310,"""e15a266f530634f1baa0a48b2bc8bb2d""",2026-08-12 18:55:32+00:00
humane-intelligence/bias-bounty-mapping-equity-challenge/boundaries/maricopa-az-aoi.geojson,643735,"""97e912e7ad441deed91f2e139e1fedd6""",2026-08-26 15:45:32+00:00
humane-intelligence/bias-bounty-mapping-equity-challenge/boundaries/maricopa-az-tract-geoids.csv,19122,"""1795b686ff5ee0ee8f3ae6595306dd61""",2026-08-26 15:45:31+00:00
humane-intelligence/bias-bounty-mapping-equity-challenge/boundaries/northern-ca-aoi.geojson,1592101,"""ba000ee2e775b616e783e30ade25c991""",2026-08-26 15:45:32+00:00
humane-intelligence/bias-bounty-mapping-equity-challenge/boundaries/northern-ca-tract-geoids.csv,7098,"""19c13034478f4b5e3b8ce28d38b4c673""",2026-08-26 15:45:31+00:00
humane-intelligence/bias-bounty-mapping-equity-challenge/boundaries/original-rings.geojson,1747,"""38a83e263153017b6e124a5f166f938d""",2026-08-26 15:45:31+00:00
humane-intelligence/bias-bounty-mapping-equity-challenge/boundaries/south-central-tx-aoi.geojson,1553119,"""53a25231aaebfa7a145f545b4d4b12e9""",2026-08-26 15:45:32+00:00
humane-intelligence/bias-bounty-mapping-equity-challenge/boundaries/south-central-tx-tract-geoids.csv,72126,"""77e229411de9787caa6927252452a74b""",2026-08-26 15:45:31+00:00
humane-intelligence/bias-bounty-mapping-equity-challenge/reference/eastern-ok/eastern-ok-census-acs-housing.csv,36721,"""6a7e264242cf2493512efd5b2bfc6f2b""",2026-08-26 15:42:45+00:00
humane-intelligence/bias-bounty-mapping-equity-challenge/reference/eastern-ok/eastern-ok-census-acs-housing.parquet,3650879,"""8261f8ed5c6fd90629e7ca89557d1439""",2026-08-26 15:42:45+00:00
humane-intelligence/bias-bounty-mapping-equity-challenge/reference/eastern-ok/eastern-ok-census-cbp.csv,56354,"""7a8487bbe021a9d6826ec9e1008d1636""",2026-08-26 15:42:45+00:00
humane-intelligence/bias-bounty-mapping-equity-challenge/reference/eastern-ok/eastern-ok-census-cbp.parquet,3659390,"""a3fd993524ad2ee55d3f92a0524f48af""",2026-08-26 15:42:45+00:00
humane-intelligence/bias-bounty-mapping-equity-challenge/reference/eastern-ok/eastern-ok-census-tiger-roads.parquet,39259768,"""b04d5d4a184d8b5591f50d7e6d9fe3e7-5""",2026-08-26 15:42:44+00:00
humane-intelligence/bias-bounty-mapping-equity-challenge/reference/eastern-ok/eastern-ok-hifld-ems-stations.csv,19920,"""21ef26b4bfc72b90010298a5dfab422e""",2026-08-26 15:42:44+00:00
humane-intelligence/bias-bounty-mapping-equity-challenge/reference/eastern-ok/eastern-ok-hifld-ems-stations.parquet,14948,"""2ddec19f2b46aa13ad018bba22ab2f36""",2026-08-26 15:42:45+00:00
humane-intelligence/bias-bounty-mapping-equity-challenge/reference/eastern-ok/eastern-ok-hifld-fire-stations.csv,173085,"""bbdf8353c7e956691bb01d44cd833825""",2026-08-26 15:42:45+00:00
humane-intelligence/bias-bounty-mapping-equity-challenge/reference/eastern-ok/eastern-ok-hifld-fire-stations.parquet,96369,"""6ca35bab39b6fa7dade19f2bd0afec17""",2026-08-26 15:42:44+00:00
humane-intelligence/bias-bounty-mapping-equity-challenge/reference/eastern-ok/eastern-ok-hifld-hospitals.csv,20753,"""d15b3910d45d33fd67f97d8c050c7aaf""",2026-08-26 15:42:45+00:00
humane-intelligence/bias-bounty-mapping-equity-challenge/reference/eastern-ok/eastern-ok-hifld-hospitals.parquet,15724,"""698c0754e7a7bd6bd75a9610fb5c1265""",2026-08-26 15:42:46+00:00
humane-intelligence/bias-bounty-mapping-equity-challenge/reference/eastern-ok/eastern-ok-hifld-schools.csv,252072,"""cb5487935141ae4e1849eb3b0f5c6893""",2026-08-26 15:42:46+00:00
humane-intelligence/bias-bounty-mapping-equity-challenge/reference/eastern-ok/eastern-ok-hifld-schools.parquet,135028,"""a1d3bef6b770dff3d0b7ca11fb36b7f6""",2026-08-26 15:42:46+00:00
humane-intelligence/bias-bounty-mapping-equity-challenge/reference/eastern-ok/eastern-ok-microsoft-buildings.parquet,271611731,"""90ecca46eb4868fc056cbd3c029d04ec-33""",2026-08-26 15:42:45+00:00
humane-intelligence/bias-bounty-mapping-equity-challenge/reference/eastern-ok/eastern-ok-overture-buildings.parquet,298882068,"""670f151c44380fa2dd0dc30abdcf5f8c-36""",2026-08-26 15:42:53+00:00
humane-intelligence/bias-bounty-mapping-equity-challenge/reference/eastern-ok/eastern-ok-overture-infrastructure.parquet,290394,"""bdf4283fe0552b383fb777f116842e1f""",2026-08-26 15:43:00+00:00
humane-intelligence/bias-bounty-mapping-equity-challenge/reference/eastern-ok/eastern-ok-overture-pois.parquet,28848614,"""d203ff49b6905c3f0e7d52c572636fda-4""",2026-08-26 15:43:00+00:00
humane-intelligence/bias-bounty-mapping-equity-challenge/reference/eastern-ok/eastern-ok-overture-rail.parquet,1989707,"""616aefcf953f93344745962387cc334d""",2026-08-26 15:43:02+00:00
humane-intelligence/bias-bounty-mapping-equity-challenge/reference/eastern-ok/eastern-ok-overture-roads-unfiltered.parquet,192989343,"""e467182427a36590d9b5c1f7f03fb46c-24""",2026-08-26 15:43:02+00:00
humane-intelligence/bias-bounty-mapping-equity-challenge/reference/eastern-ok/eastern-ok-overture-roads.parquet,82239229,"""86e0defdbb5da33c0f9eda937c10c5ef-10""",2026-08-26 15:43:07+00:00
humane-intelligence/bias-bounty-mapping-equity-challenge/reference/eastern-ok/eastern-ok-sample-submission.csv,33436,"""e913d18433245001f25f38e46965ef25""",2026-08-26 15:43:09+00:00
humane-intelligence/bias-bounty-mapping-equity-challenge/reference/maricopa-az/maricopa-az-census-acs-housing.csv,49173,"""10eb49ba2a0d455a0292e1d853cb3d4f""",2026-08-26 15:43:09+00:00
humane-intelligence/bias-bounty-mapping-equity-challenge/reference/maricopa-az/maricopa-az-census-acs-housing.parquet,3457173,"""b6db6646c23e9e0a990d07441bc1f8e0""",2026-08-26 15:43:09+00:00
humane-intelligence/bias-bounty-mapping-equity-challenge/reference/maricopa-az/maricopa-az-census-cbp.csv,75263,"""3e90a48bda6120a5d53a00c58658cc6d""",2026-08-26 15:43:10+00:00
humane-intelligence/bias-bounty-mapping-equity-challenge/reference/maricopa-az/maricopa-az-census-cbp.parquet,3472602,"""727b38ef38a9ce48aa999dd1586b78e3""",2026-08-26 15:43:10+00:00
humane-intelligence/bias-bounty-mapping-equity-challenge/reference/maricopa-az/maricopa-az-census-tiger-roads.parquet,40733899,"""28d269b1171abb10a1fdc10a61c71f65-5""",2026-08-26 15:43:09+00:00
humane-intelligence/bias-bounty-mapping-equity-challenge/reference/maricopa-az/maricopa-az-hifld-ems-stations.csv,2233,"""c855a10ed96cc224ca438def8a0dbb94""",2026-08-26 15:43:10+00:00
humane-intelligence/bias-bounty-mapping-equity-challenge/reference/maricopa-az/maricopa-az-hifld-ems-stations.parquet,4789,"""90051437f9e98d08960fd2a14bab0e8e""",2026-08-26 15:43:10+00:00
humane-intelligence/bias-bounty-mapping-equity-challenge/reference/maricopa-az/maricopa-az-hifld-fire-stations.csv,82988,"""9c4b8c9c4c5a375f27f1be6b5568ce4d""",2026-08-26 15:43:11+00:00
humane-intelligence/bias-bounty-mapping-equity-challenge/reference/maricopa-az/maricopa-az-hifld-fire-stations.parquet,46850,"""fbea36c903f6c9592f5f5e8ac5792d0f""",2026-08-26 15:43:11+00:00
humane-intelligence/bias-bounty-mapping-equity-challenge/reference/maricopa-az/maricopa-az-hifld-hospitals.csv,15758,"""55d4c3024e427b22ee03b2fbdc277c7d""",2026-08-26 15:43:11+00:00
humane-intelligence/bias-bounty-mapping-equity-challenge/reference/maricopa-az/maricopa-az-hifld-hospitals.parquet,12869,"""6e44aae3890387c201bddb14b6ddbde2""",2026-08-26 15:43:11+00:00
humane-intelligence/bias-bounty-mapping-equity-challenge/reference/maricopa-az/maricopa-az-hifld-schools.csv,287325,"""b6c09298a9c55a2e8ebf0d98c6bb142e""",2026-08-26 15:43:11+00:00
humane-intelligence/bias-bounty-mapping-equity-challenge/reference/maricopa-az/maricopa-az-hifld-schools.parquet,151129,"""c24865626ce82f9fdfe0d4fb09fdb337""",2026-08-26 15:43:11+00:00
humane-intelligence/bias-bounty-mapping-equity-challenge/reference/maricopa-az/maricopa-az-microsoft-buildings.parquet,304447046,"""85f3fc4600eeaa732fa94f519b26c8a8-37""",2026-08-26 15:43:11+00:00
humane-intelligence/bias-bounty-mapping-equity-challenge/reference/maricopa-az/maricopa-az-overture-buildings.parquet,324720762,"""3e5f698482ac7c9b869e33f0630d839a-39""",2026-08-26 15:43:18+00:00
humane-intelligence/bias-bounty-mapping-equity-challenge/reference/maricopa-az/maricopa-az-overture-infrastructure.parquet,918681,"""e9b88b83bee675f7418ade2ad1d3c7bc""",2026-08-26 15:43:26+00:00
humane-intelligence/bias-bounty-mapping-equity-challenge/reference/maricopa-az/maricopa-az-overture-pois.parquet,40987154,"""56e9ced731c1342c3beb429c6bb1dc6b-5""",2026-08-26 15:43:26+00:00
humane-intelligence/bias-bounty-mapping-equity-challenge/reference/maricopa-az/maricopa-az-overture-rail.parquet,1657987,"""bf2df12923937a9cec3d96db76e44b45""",2026-08-26 15:43:28+00:00
humane-intelligence/bias-bounty-mapping-equity-challenge/reference/maricopa-az/maricopa-az-overture-roads-unfiltered.parquet,262146919,"""f74863bde57d954e102a2953502c5a43-32""",2026-08-26 15:43:27+00:00
humane-intelligence/bias-bounty-mapping-equity-challenge/reference/maricopa-az/maricopa-az-overture-roads.parquet,80052206,"""aec2473af9f8a35a076ff9e867af91b8-10""",2026-08-26 15:43:34+00:00
humane-intelligence/bias-bounty-mapping-equity-challenge/reference/maricopa-az/maricopa-az-sample-submission.csv,44664,"""f3d294b5ad44b96e3fde6eb6af688cae""",2026-08-26 15:43:36+00:00
humane-intelligence/bias-bounty-mapping-equity-challenge/reference/northern-ca/northern-ca-census-acs-housing.csv,18295,"""920d1666f38251eb3a195f63baa247f6""",2026-08-26 15:43:37+00:00
humane-intelligence/bias-bounty-mapping-equity-challenge/reference/northern-ca/northern-ca-census-acs-housing.parquet,3037540,"""366849ae637a5e03ffceac1a40d413d4""",2026-08-26 15:43:37+00:00
humane-intelligence/bias-bounty-mapping-equity-challenge/reference/northern-ca/northern-ca-census-cbp.csv,28010,"""29ec3c8a47a092bc69e49b41cc358e56""",2026-08-26 15:43:37+00:00
humane-intelligence/bias-bounty-mapping-equity-challenge/reference/northern-ca/northern-ca-census-cbp.parquet,3044297,"""56e0954728bb8c57f0ceafe56d479462""",2026-08-26 15:43:38+00:00
humane-intelligence/bias-bounty-mapping-equity-challenge/reference/northern-ca/northern-ca-census-tiger-roads.parquet,44473133,"""a480fd70746b46c79a24a9df1e7fb5b6-6""",2026-08-26 15:43:37+00:00
humane-intelligence/bias-bounty-mapping-equity-challenge/reference/northern-ca/northern-ca-hifld-ems-stations.csv,4758,"""1a654eaad532812ca19881798d70d5d8""",2026-08-26 15:43:38+00:00
humane-intelligence/bias-bounty-mapping-equity-challenge/reference/northern-ca/northern-ca-hifld-ems-stations.parquet,6082,"""645790f8e295a97d37dd53d08b4be988""",2026-08-26 15:43:38+00:00
humane-intelligence/bias-bounty-mapping-equity-challenge/reference/northern-ca/northern-ca-hifld-fire-stations.csv,91702,"""13f99d15e5434b332fedd1eea70cb829""",2026-08-26 15:43:38+00:00
humane-intelligence/bias-bounty-mapping-equity-challenge/reference/northern-ca/northern-ca-hifld-fire-stations.parquet,51015,"""9c12188f1cbaafebd1266fd1e79d687e""",2026-08-26 15:43:38+00:00
humane-intelligence/bias-bounty-mapping-equity-challenge/reference/northern-ca/northern-ca-hifld-hospitals.csv,6283,"""f81e8ebb9a35bbfda66e7b932f1082a9""",2026-08-26 15:43:39+00:00
humane-intelligence/bias-bounty-mapping-equity-challenge/reference/northern-ca/northern-ca-hifld-hospitals.parquet,7409,"""d4f75c722eb1680b931e3ee2116bf398""",2026-08-26 15:43:38+00:00
humane-intelligence/bias-bounty-mapping-equity-challenge/reference/northern-ca/northern-ca-hifld-schools.csv,139566,"""58363d00947b81d848f44d519288a8a0""",2026-08-26 15:43:39+00:00
humane-intelligence/bias-bounty-mapping-equity-challenge/reference/northern-ca/northern-ca-hifld-schools.parquet,79721,"""47f576fdc74b049cc52bba55d3721edf""",2026-08-26 15:43:39+00:00
humane-intelligence/bias-bounty-mapping-equity-challenge/reference/northern-ca/northern-ca-microsoft-buildings.parquet,134100570,"""a89b1e29727fe88dcf5d028bcf879872-16""",2026-08-26 15:43:39+00:00
humane-intelligence/bias-bounty-mapping-equity-challenge/reference/northern-ca/northern-ca-overture-buildings.parquet,130554079,"""1a3a03773651efef1b9352da4e3656a8-16""",2026-08-26 15:43:42+00:00
humane-intelligence/bias-bounty-mapping-equity-challenge/reference/northern-ca/northern-ca-overture-infrastructure.parquet,309977,"""e8eb8a08104c5aa2d2e4eb3bbca9ba80""",2026-08-26 15:43:46+00:00
humane-intelligence/bias-bounty-mapping-equity-challenge/reference/northern-ca/northern-ca-overture-pois.parquet,16168720,"""8dd550ce7b9b40b316e3fc08d1ff767d-2""",2026-08-26 15:43:47+00:00
humane-intelligence/bias-bounty-mapping-equity-challenge/reference/northern-ca/northern-ca-overture-rail.parquet,1068289,"""c943ccc5a966275f2413e2070b82ec54""",2026-08-26 15:43:47+00:00
humane-intelligence/bias-bounty-mapping-equity-challenge/reference/northern-ca/northern-ca-overture-roads-unfiltered.parquet,157211249,"""1a70d05427ee40a2e2c33714fa6ee968-19""",2026-08-26 15:43:46+00:00
humane-intelligence/bias-bounty-mapping-equity-challenge/reference/northern-ca/northern-ca-overture-roads.parquet,43515963,"""18704ab4113fd2f32b273e2bdbe162e2-6""",2026-08-26 15:43:50+00:00
humane-intelligence/bias-bounty-mapping-equity-challenge/reference/northern-ca/northern-ca-sample-submission.csv,16608,"""ad114efd2564dd7d4a57dbb04cb8c5f7""",2026-08-26 15:43:52+00:00
humane-intelligence/bias-bounty-mapping-equity-challenge/reference/south-central-tx/south-central-tx-census-acs-housing.csv,185447,"""6be151f030945755a4a087fc28b0a642""",2026-08-26 15:43:52+00:00
humane-intelligence/bias-bounty-mapping-equity-challenge/reference/south-central-tx/south-central-tx-census-acs-housing.parquet,13758433,"""8b95d65fe5ace66969018d883c31727c-2""",2026-08-26 15:43:52+00:00
humane-intelligence/bias-bounty-mapping-equity-challenge/reference/south-central-tx/south-central-tx-census-cbp.csv,285295,"""69bd141dd77708cb58d9c26ecd4605d3""",2026-08-26 15:43:53+00:00
humane-intelligence/bias-bounty-mapping-equity-challenge/reference/south-central-tx/south-central-tx-census-cbp.parquet,13807967,"""5c46bc1b73ef500a5db49fa1a656df98-2""",2026-08-26 15:43:53+00:00
humane-intelligence/bias-bounty-mapping-equity-challenge/reference/south-central-tx/south-central-tx-census-tiger-roads.parquet,123179430,"""3a58895f3fd36d0e66ccb2e14bb0b300-15""",2026-08-26 15:43:53+00:00
humane-intelligence/bias-bounty-mapping-equity-challenge/reference/south-central-tx/south-central-tx-hifld-ems-stations.csv,67196,"""dd45ba2eab8a911e9cfff46813610f59""",2026-08-26 15:43:57+00:00
humane-intelligence/bias-bounty-mapping-equity-challenge/reference/south-central-tx/south-central-tx-hifld-ems-stations.parquet,40585,"""6df83042cb7ebd22d561847fe309532f""",2026-08-26 15:43:57+00:00
humane-intelligence/bias-bounty-mapping-equity-challenge/reference/south-central-tx/south-central-tx-hifld-fire-stations.csv,378262,"""c8325fdd2670fc0dffa4489f759dd3b9""",2026-08-26 15:43:57+00:00
humane-intelligence/bias-bounty-mapping-equity-challenge/reference/south-central-tx/south-central-tx-hifld-fire-stations.parquet,198159,"""ee561d855719f22101f52b40c61cd8dd""",2026-08-26 15:43:57+00:00
humane-intelligence/bias-bounty-mapping-equity-challenge/reference/south-central-tx/south-central-tx-hifld-hospitals.csv,76209,"""123afae66996fcdf0055b65f3a421b49""",2026-08-26 15:43:57+00:00
humane-intelligence/bias-bounty-mapping-equity-challenge/reference/south-central-tx/south-central-tx-hifld-hospitals.parquet,45765,"""091150bac25922464f8c9004c188831e""",2026-08-26 15:43:57+00:00
humane-intelligence/bias-bounty-mapping-equity-challenge/reference/south-central-tx/south-central-tx-hifld-schools.csv,1117152,"""bccef6c15f286ee7850d65942d84d468""",2026-08-26 15:43:58+00:00
humane-intelligence/bias-bounty-mapping-equity-challenge/reference/south-central-tx/south-central-tx-hifld-schools.parquet,606774,"""2f4bdccd08a6171a1fcbafdc215d4a33""",2026-08-26 15:43:57+00:00
humane-intelligence/bias-bounty-mapping-equity-challenge/reference/south-central-tx/south-central-tx-microsoft-buildings.parquet,1170566280,"""cd931928a0df8206e7616df26945eba7-140""",2026-08-26 15:43:57+00:00
humane-intelligence/bias-bounty-mapping-equity-challenge/reference/south-central-tx/south-central-tx-overture-buildings.parquet,1269949045,"""ab9ee7c883d860bd07bcef84dc195df4-152""",2026-08-26 15:47:47+00:00
humane-intelligence/bias-bounty-mapping-equity-challenge/reference/south-central-tx/south-central-tx-overture-infrastructure.parquet,1394119,"""3cfe22756ceed8e43990801490cbf0b2""",2026-08-26 15:44:44+00:00
humane-intelligence/bias-bounty-mapping-equity-challenge/reference/south-central-tx/south-central-tx-overture-pois.parquet,179937096,"""4204826b8e70737b2627effce17500e9-22""",2026-08-26 15:48:11+00:00
humane-intelligence/bias-bounty-mapping-equity-challenge/reference/south-central-tx/south-central-tx-overture-rail.parquet,5970991,"""bd539104569ee9daff608332dc357f9b""",2026-08-26 15:44:47+00:00
humane-intelligence/bias-bounty-mapping-equity-challenge/reference/south-central-tx/south-central-tx-overture-roads-unfiltered.parquet,783316505,"""7d3f8bd6270271a47532dc062ead49bd-94""",2026-08-26 15:44:47+00:00
humane-intelligence/bias-bounty-mapping-equity-challenge/reference/south-central-tx/south-central-tx-overture-roads.parquet,299751270,"""20dc7b3d5ff70493f095e990518460b7-36""",2026-08-26 15:45:07+00:00
humane-intelligence/bias-bounty-mapping-equity-challenge/reference/south-central-tx/south-central-tx-sample-submission.csv,168144,"""faadba5e1d46bdc803198ce141ad6923""",2026-08-26 15:45:16+00:00
humane-intelligence/bias-bounty-mapping-equity-challenge/strata/eastern-ok/eastern-ok-carbonplan-tract-table.csv,419597,"""5dadb372fe8f41a905bd7d126cbaf871""",2026-08-12 18:53:09+00:00
humane-intelligence/bias-bounty-mapping-equity-challenge/strata/eastern-ok/eastern-ok-carbonplan-tract-table.parquet,204299,"""0e04c5b08d3cd05819534886a8a17bb5""",2026-08-12 18:53:09+00:00
humane-intelligence/bias-bounty-mapping-equity-challenge/strata/eastern-ok/eastern-ok-cdc-wonder-tract-table.csv,916050,"""b722085ff686884d3c50d8ed15ebed82""",2026-08-12 18:53:09+00:00
humane-intelligence/bias-bounty-mapping-equity-challenge/strata/eastern-ok/eastern-ok-cdc-wonder-tract-table.parquet,115515,"""a89c43458052ba5e9874b27fe661cb34""",2026-08-12 18:53:09+00:00
humane-intelligence/bias-bounty-mapping-equity-challenge/strata/eastern-ok/eastern-ok-census-aiannh.parquet,1048376,"""8657322e7a0f0f2f3aa683b0fcf2aea7""",2026-08-12 18:53:09+00:00
humane-intelligence/bias-bounty-mapping-equity-challenge/strata/eastern-ok/eastern-ok-census-tracts.parquet,5324978,"""9204f95a8a6f110ac051253dfe44b16e""",2026-08-26 15:41:26+00:00
humane-intelligence/bias-bounty-mapping-equity-challenge/strata/eastern-ok/eastern-ok-census-tribal-subdivisions.parquet,1663805,"""752d5347de5fc8085b1b0fcea45b0ade""",2026-08-12 18:53:09+00:00
humane-intelligence/bias-bounty-mapping-equity-challenge/strata/eastern-ok/eastern-ok-census-tribal-tracts.parquet,141519,"""7ee2daa91dd8ac9b236769eeefa560b5""",2026-08-12 18:53:09+00:00
humane-intelligence/bias-bounty-mapping-equity-challenge/strata/eastern-ok/eastern-ok-cvi-tract-table.csv,274178,"""0300d6e1abbe4277b2a07f98d9764394""",2026-08-12 18:53:09+00:00
humane-intelligence/bias-bounty-mapping-equity-challenge/strata/eastern-ok/eastern-ok-cvi-tract-table.parquet,122702,"""79ac8a9b60b093947ca6b7391280e477""",2026-08-12 18:53:09+00:00
humane-intelligence/bias-bounty-mapping-equity-challenge/strata/eastern-ok/eastern-ok-drought-gov-tract-table.csv,3332370,"""79440b964b853c8f7551483edbcd8a49""",2026-08-12 18:53:11+00:00
humane-intelligence/bias-bounty-mapping-equity-challenge/strata/eastern-ok/eastern-ok-drought-gov-tract-table.parquet,1333483,"""ca39dc04cf744ef2572d920eb5ae5c2f""",2026-08-12 18:53:10+00:00
humane-intelligence/bias-bounty-mapping-equity-challenge/strata/eastern-ok/eastern-ok-epht-heat-tract-table.csv,306832,"""e11f5bf2058d8af29652cd2d43f78a57""",2026-08-12 18:53:10+00:00
humane-intelligence/bias-bounty-mapping-equity-challenge/strata/eastern-ok/eastern-ok-epht-heat-tract-table.parquet,52842,"""2123f6909d34633c3ca94e5584c8c837""",2026-08-12 18:53:10+00:00
humane-intelligence/bias-bounty-mapping-equity-challenge/strata/eastern-ok/eastern-ok-fpa-fod-tract-table.csv,173391,"""0ac94d342e758715f0dbdcd0abba9c9a""",2026-08-12 18:53:10+00:00
humane-intelligence/bias-bounty-mapping-equity-challenge/strata/eastern-ok/eastern-ok-fpa-fod-tract-table.parquet,64237,"""68050f046cfb834fc09931ee9f4af406""",2026-08-12 18:53:10+00:00
humane-intelligence/bias-bounty-mapping-equity-challenge/strata/eastern-ok/eastern-ok-mtbs-tract-table.csv,245331,"""ed5919e778dde8c7735e06fb38e8674d""",2026-08-12 18:53:10+00:00
humane-intelligence/bias-bounty-mapping-equity-challenge/strata/eastern-ok/eastern-ok-mtbs-tract-table.parquet,56391,"""58c77cd42aee0e22882e16b7631fc487""",2026-08-12 18:53:10+00:00
humane-intelligence/bias-bounty-mapping-equity-challenge/strata/eastern-ok/eastern-ok-nasa-heat-tract-table.csv,1742740,"""c2502be7a602eba28cec89dee79b3655""",2026-08-12 18:53:10+00:00
humane-intelligence/bias-bounty-mapping-equity-challenge/strata/eastern-ok/eastern-ok-nasa-heat-tract-table.parquet,717553,"""dfc110c4ac40b9fa986c90c8a2d9705b""",2026-08-12 18:53:10+00:00
humane-intelligence/bias-bounty-mapping-equity-challenge/strata/eastern-ok/eastern-ok-nchs-tract-table.csv,66292,"""462da182b45ee9e113b2f29a74a87f7a""",2026-08-12 18:53:10+00:00
humane-intelligence/bias-bounty-mapping-equity-challenge/strata/eastern-ok/eastern-ok-nchs-tract-table.parquet,13844,"""bd99c0e67c5361cd3ec9336b4f1fa652""",2026-08-12 18:53:10+00:00
humane-intelligence/bias-bounty-mapping-equity-challenge/strata/eastern-ok/eastern-ok-nifc-tract-table.csv,246823,"""05d6a39f32b294bc1d1d27219dbb375a""",2026-08-12 18:53:11+00:00
humane-intelligence/bias-bounty-mapping-equity-challenge/strata/eastern-ok/eastern-ok-nifc-tract-table.parquet,46360,"""b72c1425eea2e16f571bdbfbb1358c52""",2026-08-12 18:53:10+00:00
humane-intelligence/bias-bounty-mapping-equity-challenge/strata/eastern-ok/eastern-ok-noaa-ghcn-stations.csv,150762,"""08a36f42854bc414a2050278554a0788""",2026-08-12 18:53:11+00:00
humane-intelligence/bias-bounty-mapping-equity-challenge/strata/eastern-ok/eastern-ok-noaa-ghcn-stations.parquet,81140,"""16ecc5e5456d22aa63baae5dd584ce3e""",2026-08-12 18:53:11+00:00
humane-intelligence/bias-bounty-mapping-equity-challenge/strata/eastern-ok/eastern-ok-noaa-ghcn-tract-table.csv,187056,"""769f104c2bac9aafc89729abef97c7b1""",2026-08-12 18:53:11+00:00
humane-intelligence/bias-bounty-mapping-equity-challenge/strata/eastern-ok/eastern-ok-noaa-ghcn-tract-table.parquet,77481,"""2ac9af985b3ed03ae98b26c24a40d8fd""",2026-08-12 18:53:11+00:00
humane-intelligence/bias-bounty-mapping-equity-challenge/strata/eastern-ok/eastern-ok-ruca-tract-table.csv,83793,"""a625dc4e91d5898db71fc4889b92c177""",2026-08-12 18:53:11+00:00
humane-intelligence/bias-bounty-mapping-equity-challenge/strata/eastern-ok/eastern-ok-ruca-tract-table.parquet,31882,"""d7e70e20a7173de507f0587381560889""",2026-08-12 18:53:11+00:00
humane-intelligence/bias-bounty-mapping-equity-challenge/strata/eastern-ok/eastern-ok-rucc-tract-table.csv,127112,"""2bafecbfa2329ebc21545243f3e18b75""",2026-08-12 18:53:11+00:00
humane-intelligence/bias-bounty-mapping-equity-challenge/strata/eastern-ok/eastern-ok-rucc-tract-table.parquet,13569,"""dfa9a3409da325ef7a98dd577bc1a5dd""",2026-08-12 18:53:11+00:00
humane-intelligence/bias-bounty-mapping-equity-challenge/strata/eastern-ok/eastern-ok-strata-tract-table.csv,2862327,"""83c3e30bb0b35fd9b9afe89dec6157c4""",2026-08-26 15:41:26+00:00
humane-intelligence/bias-bounty-mapping-equity-challenge/strata/eastern-ok/eastern-ok-strata-tract-table.parquet,638464,"""35a859f18618d944d4507f749c44a32a""",2026-08-26 15:41:26+00:00
humane-intelligence/bias-bounty-mapping-equity-challenge/strata/eastern-ok/eastern-ok-svi-tract-table.csv,82562,"""e3a4c800ce21099a7ad34ab316e598be""",2026-08-12 18:53:11+00:00
humane-intelligence/bias-bounty-mapping-equity-challenge/strata/eastern-ok/eastern-ok-svi-tract-table.parquet,59784,"""007fb52c6474c0233542ed6baafd58f8""",2026-08-12 18:53:11+00:00
humane-intelligence/bias-bounty-mapping-equity-challenge/strata/eastern-ok/eastern-ok-tribal-tract-table.csv,140897,"""ddf3db9b9201f2433b17a3343951c818""",2026-08-12 18:53:11+00:00
humane-intelligence/bias-bounty-mapping-equity-challenge/strata/eastern-ok/eastern-ok-tribal-tract-table.parquet,26055,"""fd97a853f3b4952bd6ee22728f8f8b74""",2026-08-12 18:53:11+00:00
humane-intelligence/bias-bounty-mapping-equity-challenge/strata/eastern-ok/eastern-ok-usdm-drought-tract-table.csv,685271,"""c663fd4a02e67989aa40d83b3e0a0290""",2026-08-12 18:53:12+00:00
humane-intelligence/bias-bounty-mapping-equity-challenge/strata/eastern-ok/eastern-ok-usdm-drought-tract-table.parquet,286038,"""fa7d4a3a318ec1ecfd311b7decdf6acb""",2026-08-12 18:53:11+00:00
humane-intelligence/bias-bounty-mapping-equity-challenge/strata/eastern-ok/eastern-ok-usfs-wildfire-tract-table.csv,1846269,"""9fb65eaf00daf3985fd71e1a77e6a96c""",2026-08-12 18:53:12+00:00
humane-intelligence/bias-bounty-mapping-equity-challenge/strata/eastern-ok/eastern-ok-usfs-wildfire-tract-table.parquet,876740,"""57610a94046af3f5930d309bf50d2fea""",2026-08-12 18:53:12+00:00
humane-intelligence/bias-bounty-mapping-equity-challenge/strata/eastern-ok/eastern-ok-usgs-combined-tract-table.csv,242111,"""dd832f79936a90ad306ba3859e24d166""",2026-08-12 18:53:12+00:00
humane-intelligence/bias-bounty-mapping-equity-challenge/strata/eastern-ok/eastern-ok-usgs-combined-tract-table.parquet,72750,"""171efefb272164d15fd4a6315108664d""",2026-08-12 18:53:11+00:00
humane-intelligence/bias-bounty-mapping-equity-challenge/strata/maricopa-az/maricopa-az-carbonplan-tract-table.csv,546497,"""9916023ed59284093b95f7f1884187db""",2026-08-26 15:41:26+00:00
humane-intelligence/bias-bounty-mapping-equity-challenge/strata/maricopa-az/maricopa-az-carbonplan-tract-table.parquet,243722,"""a3e2faf46841aacf7b98f8f5f62b3278""",2026-08-26 15:41:26+00:00
humane-intelligence/bias-bounty-mapping-equity-challenge/strata/maricopa-az/maricopa-az-cdc-wonder-tract-table.csv,1240965,"""506d6d6043ae7a4b5c955cada6f83b61""",2026-08-26 15:41:26+00:00
humane-intelligence/bias-bounty-mapping-equity-challenge/strata/maricopa-az/maricopa-az-cdc-wonder-tract-table.parquet,98983,"""200b731c2ed471b40ec5f17b70c9722e""",2026-08-26 15:41:26+00:00
humane-intelligence/bias-bounty-mapping-equity-challenge/strata/maricopa-az/maricopa-az-census-aiannh.parquet,1578879,"""f9488a993ae8fa88bd3e8443ef2a5301""",2026-08-26 15:41:26+00:00
humane-intelligence/bias-bounty-mapping-equity-challenge/strata/maricopa-az/maricopa-az-census-tracts.parquet,5242171,"""a762c7676df2219b12daf95d58cce878""",2026-08-26 15:41:26+00:00
humane-intelligence/bias-bounty-mapping-equity-challenge/strata/maricopa-az/maricopa-az-census-tribal-subdivisions.parquet,537111,"""c9e2e5c1378c4813c5750e2c4239de7c""",2026-08-26 15:41:26+00:00
humane-intelligence/bias-bounty-mapping-equity-challenge/strata/maricopa-az/maricopa-az-census-tribal-tracts.parquet,700318,"""b061c46757bee037431127fc15cd19fb""",2026-08-26 15:41:27+00:00
humane-intelligence/bias-bounty-mapping-equity-challenge/strata/maricopa-az/maricopa-az-cvi-tract-table.csv,366369,"""182378ebf1574a917507685b1d502cad""",2026-08-26 15:41:27+00:00
humane-intelligence/bias-bounty-mapping-equity-challenge/strata/maricopa-az/maricopa-az-cvi-tract-table.parquet,162658,"""1309dd982abced5db0c251a690254e41""",2026-08-26 15:41:27+00:00
humane-intelligence/bias-bounty-mapping-equity-challenge/strata/maricopa-az/maricopa-az-drought-gov-tract-table.csv,4719203,"""f207e9deb1bde9c7435abc2250d56a70""",2026-08-26 15:41:27+00:00
humane-intelligence/bias-bounty-mapping-equity-challenge/strata/maricopa-az/maricopa-az-drought-gov-tract-table.parquet,1649475,"""135edcbe247fcd1269a6634ff1a6f2dc""",2026-08-26 15:41:27+00:00
humane-intelligence/bias-bounty-mapping-equity-challenge/strata/maricopa-az/maricopa-az-epht-heat-tract-table.csv,418544,"""0cba7fd2f97179c88a4fcc83a29d83d8""",2026-08-26 15:41:27+00:00
humane-intelligence/bias-bounty-mapping-equity-challenge/strata/maricopa-az/maricopa-az-epht-heat-tract-table.parquet,57047,"""90e33ef36057c1f846c0748fff49b9e7""",2026-08-26 15:41:27+00:00
humane-intelligence/bias-bounty-mapping-equity-challenge/strata/maricopa-az/maricopa-az-fpa-fod-tract-table.csv,310517,"""850758f4b4856005c09c43998b6b89f1""",2026-08-26 15:41:27+00:00
humane-intelligence/bias-bounty-mapping-equity-challenge/strata/maricopa-az/maricopa-az-fpa-fod-tract-table.parquet,99981,"""b859d78f3e4bd69fbeb986f88882b804""",2026-08-26 15:41:27+00:00
humane-intelligence/bias-bounty-mapping-equity-challenge/strata/maricopa-az/maricopa-az-mtbs-tract-table.csv,314255,"""62560e146cc6fe5079f6ec5a97f84443""",2026-08-26 15:41:27+00:00
humane-intelligence/bias-bounty-mapping-equity-challenge/strata/maricopa-az/maricopa-az-mtbs-tract-table.parquet,56784,"""0a59d864efa88fdf0f45385001e4e730""",2026-08-26 15:41:27+00:00
humane-intelligence/bias-bounty-mapping-equity-challenge/strata/maricopa-az/maricopa-az-nasa-heat-tract-table.csv,2386368,"""b0d667e5f9dd2ec765b2a1be2a0ce679""",2026-08-26 15:41:28+00:00
humane-intelligence/bias-bounty-mapping-equity-challenge/strata/maricopa-az/maricopa-az-nasa-heat-tract-table.parquet,869513,"""4ae1b91d822542f1204de077b1c61d9a""",2026-08-26 15:41:28+00:00
humane-intelligence/bias-bounty-mapping-equity-challenge/strata/maricopa-az/maricopa-az-nchs-tract-table.csv,93541,"""29eaaa7792e9be81043740dc76fb2309""",2026-08-26 15:41:27+00:00
humane-intelligence/bias-bounty-mapping-equity-challenge/strata/maricopa-az/maricopa-az-nchs-tract-table.parquet,15351,"""d8cc8497da51721615c056959d152c5b""",2026-08-26 15:41:27+00:00
humane-intelligence/bias-bounty-mapping-equity-challenge/strata/maricopa-az/maricopa-az-nifc-tract-table.csv,333832,"""2641db8c23e10572d1100d19ea62e0d7""",2026-08-26 15:41:28+00:00
humane-intelligence/bias-bounty-mapping-equity-challenge/strata/maricopa-az/maricopa-az-nifc-tract-table.parquet,56763,"""154b2b8c5b45b254571aa90fb4a1c19b""",2026-08-26 15:41:28+00:00
humane-intelligence/bias-bounty-mapping-equity-challenge/strata/maricopa-az/maricopa-az-noaa-ghcn-stations.csv,222053,"""9e7ad3b5459258394bcb87642e1cd9d4""",2026-08-26 15:41:28+00:00
humane-intelligence/bias-bounty-mapping-equity-challenge/strata/maricopa-az/maricopa-az-noaa-ghcn-stations.parquet,107733,"""024c43b277a15c3a4660837b564ff57a""",2026-08-26 15:41:28+00:00
humane-intelligence/bias-bounty-mapping-equity-challenge/strata/maricopa-az/maricopa-az-noaa-ghcn-tract-table.csv,256372,"""f45e17065cc29b1fbf6c140ae1cf9eaf""",2026-08-26 15:41:28+00:00
humane-intelligence/bias-bounty-mapping-equity-challenge/strata/maricopa-az/maricopa-az-noaa-ghcn-tract-table.parquet,101267,"""77accd7a7f5ca08fe9bbf77f6aba4a0a""",2026-08-26 15:41:28+00:00
humane-intelligence/bias-bounty-mapping-equity-challenge/strata/maricopa-az/maricopa-az-ruca-tract-table.csv,111581,"""1c6df9fc62cc2c1ecc714c129f54ef4c""",2026-08-26 15:41:28+00:00
humane-intelligence/bias-bounty-mapping-equity-challenge/strata/maricopa-az/maricopa-az-ruca-tract-table.parquet,38382,"""c2acb9ad47ff582d234de8dc5f6d3e20""",2026-08-26 15:41:28+00:00
humane-intelligence/bias-bounty-mapping-equity-challenge/strata/maricopa-az/maricopa-az-rucc-tract-table.csv,163965,"""c6f6434012482a922783e501697d3ea6""",2026-08-26 15:41:28+00:00
humane-intelligence/bias-bounty-mapping-equity-challenge/strata/maricopa-az/maricopa-az-rucc-tract-table.parquet,15448,"""a481debcad7df248002145c04ceda41d""",2026-08-26 15:41:28+00:00
humane-intelligence/bias-bounty-mapping-equity-challenge/strata/maricopa-az/maricopa-az-strata-tract-table.csv,3949344,"""2612c39076be290250425ee5243d9b27""",2026-08-26 15:41:29+00:00
humane-intelligence/bias-bounty-mapping-equity-challenge/strata/maricopa-az/maricopa-az-strata-tract-table.parquet,793492,"""6940ee225856253e24035c97510f7b6d""",2026-08-26 15:41:28+00:00
humane-intelligence/bias-bounty-mapping-equity-challenge/strata/maricopa-az/maricopa-az-svi-tract-table.csv,109900,"""46d98807c5f20e1eddc8fde148940181""",2026-08-26 15:41:28+00:00
humane-intelligence/bias-bounty-mapping-equity-challenge/strata/maricopa-az/maricopa-az-svi-tract-table.parquet,73927,"""7cba7e59b983b9717e54269ee0e4902f""",2026-08-26 15:41:29+00:00
humane-intelligence/bias-bounty-mapping-equity-challenge/strata/maricopa-az/maricopa-az-tribal-tract-table.csv,124649,"""fd7891afabf918b55deb13fb4d5535b6""",2026-08-26 15:41:29+00:00
humane-intelligence/bias-bounty-mapping-equity-challenge/strata/maricopa-az/maricopa-az-tribal-tract-table.parquet,24968,"""b2d4a1d599f702a216cbe3bb10bc9765""",2026-08-26 15:41:28+00:00
humane-intelligence/bias-bounty-mapping-equity-challenge/strata/maricopa-az/maricopa-az-usdm-drought-tract-table.csv,957706,"""d08061d32266ed92700ed2a1be15b3cf""",2026-08-26 15:41:29+00:00
humane-intelligence/bias-bounty-mapping-equity-challenge/strata/maricopa-az/maricopa-az-usdm-drought-tract-table.parquet,297239,"""05dc98c881aefe68dfb3b657e98a18dd""",2026-08-26 15:41:29+00:00
humane-intelligence/bias-bounty-mapping-equity-challenge/strata/maricopa-az/maricopa-az-usfs-wildfire-tract-table.csv,2437151,"""c8cc5a94ae6a7defb340c09f7937d801""",2026-08-26 15:41:29+00:00
humane-intelligence/bias-bounty-mapping-equity-challenge/strata/maricopa-az/maricopa-az-usfs-wildfire-tract-table.parquet,1129520,"""3812b2f8d3c918c167dd170a016cdbed""",2026-08-26 15:41:29+00:00
humane-intelligence/bias-bounty-mapping-equity-challenge/strata/maricopa-az/maricopa-az-usgs-combined-tract-table.csv,299410,"""5dd9dcb9a56b2d581ee0f6f61060bf59""",2026-08-26 15:41:29+00:00
humane-intelligence/bias-bounty-mapping-equity-challenge/strata/maricopa-az/maricopa-az-usgs-combined-tract-table.parquet,74475,"""f398d949a3e22de3712a9b4f8302b0df""",2026-08-26 15:41:29+00:00
humane-intelligence/bias-bounty-mapping-equity-challenge/strata/national/national-carbonplan-tract-table.csv,28472257,"""9701051100d3336c4632d0421a55ce5d-4""",2026-07-27 20:39:22+00:00
humane-intelligence/bias-bounty-mapping-equity-challenge/strata/national/national-carbonplan-tract-table.parquet,11576438,"""1f1e8847507aa4ebb23460fb9f899f54-2""",2026-07-27 20:39:23+00:00
humane-intelligence/bias-bounty-mapping-equity-challenge/strata/national/national-cdc-wonder-heat-mortality.csv,20151,"""38ba6ff0c52b70abd893207cb493607f""",2026-07-27 20:39:24+00:00
humane-intelligence/bias-bounty-mapping-equity-challenge/strata/national/national-cdc-wonder-heat-mortality.parquet,9720,"""ed23decb120ada0f6a0752e53c5d5b63""",2026-07-27 20:39:26+00:00
humane-intelligence/bias-bounty-mapping-equity-challenge/strata/national/national-cdc-wonder-tract-table.csv,63856181,"""f79710b215bebba61978ddc7532ca2e8-8""",2026-07-27 20:39:25+00:00
humane-intelligence/bias-bounty-mapping-equity-challenge/strata/national/national-cdc-wonder-tract-table.parquet,1654716,"""952c5c9c52d70561dd7e9849183036d5""",2026-07-27 20:39:33+00:00
humane-intelligence/bias-bounty-mapping-equity-challenge/strata/national/national-census-aiannh.parquet,10160377,"""2852335d9bf87f90b1963a0ee99296a6-2""",2026-07-27 20:39:28+00:00
humane-intelligence/bias-bounty-mapping-equity-challenge/strata/national/national-census-tract-table.csv,11699015,"""f5738ca722326342718bc479ac6b6ec9-2""",2026-07-27 20:39:30+00:00
humane-intelligence/bias-bounty-mapping-equity-challenge/strata/national/national-census-tract-table.parquet,4486576,"""308f3fd19af252d999ee44e925ce0ef7""",2026-07-27 20:39:32+00:00
humane-intelligence/bias-bounty-mapping-equity-challenge/strata/national/national-census-tracts.parquet,224006890,"""3179a0657d668f063aa3eb459eb13007-27""",2026-07-27 20:39:32+00:00
humane-intelligence/bias-bounty-mapping-equity-challenge/strata/national/national-census-tribal-subdivisions.parquet,5392239,"""e023ed4dfb0c32ec25b6f9a9c0a781ce""",2026-07-27 20:39:39+00:00
humane-intelligence/bias-bounty-mapping-equity-challenge/strata/national/national-census-tribal-tracts.parquet,7693095,"""36546c3455ae15fa6db3039aa2ce8e17""",2026-07-27 20:39:40+00:00
humane-intelligence/bias-bounty-mapping-equity-challenge/strata/national/national-cvi-tract-table.csv,19390195,"""9ee86c0247771f77e6e706b1ae77c9c4-3""",2026-07-27 20:39:39+00:00
humane-intelligence/bias-bounty-mapping-equity-challenge/strata/national/national-cvi-tract-table.parquet,8386883,"""1a1bac692db11f3363b4323ed727660c""",2026-07-27 20:39:41+00:00
humane-intelligence/bias-bounty-mapping-equity-challenge/strata/national/national-drought-gov-tract-table.csv,239488513,"""0401a33b44cd153a98c58a12ee4e2ef8-29""",2026-07-27 20:39:40+00:00
humane-intelligence/bias-bounty-mapping-equity-challenge/strata/national/national-drought-gov-tract-table.parquet,88570841,"""107596a5113ca3f9c2622276e5799e17-11""",2026-07-27 20:39:49+00:00
humane-intelligence/bias-bounty-mapping-equity-challenge/strata/national/national-epht-heat-tract-table.csv,21610967,"""6abbb9f04f1e1c6e99407b1ca925d3b7-3""",2026-07-27 20:39:54+00:00
humane-intelligence/bias-bounty-mapping-equity-challenge/strata/national/national-epht-heat-tract-table.parquet,1742242,"""5c9de8754766da37ad5b4afbc0108f6f""",2026-07-27 20:39:54+00:00
humane-intelligence/bias-bounty-mapping-equity-challenge/strata/national/national-fpa-fod-tract-table.csv,13267598,"""cc451550e21b544d973dd3d0ca9cee38-2""",2026-07-27 20:39:55+00:00
humane-intelligence/bias-bounty-mapping-equity-challenge/strata/national/national-fpa-fod-tract-table.parquet,2682007,"""9d85fb7654f430d23d0fa13fb071a1fe""",2026-07-27 20:39:56+00:00
humane-intelligence/bias-bounty-mapping-equity-challenge/strata/national/national-mtbs-tract-table.csv,16092621,"""b4d4b4130ca553eb9ef7649aaf6dfc6b-2""",2026-07-27 20:39:56+00:00
humane-intelligence/bias-bounty-mapping-equity-challenge/strata/national/national-mtbs-tract-table.parquet,1136180,"""938491641e751d19afa13693d1365dd7""",2026-07-27 20:39:57+00:00
humane-intelligence/bias-bounty-mapping-equity-challenge/strata/national/national-nasa-heat-tract-table.csv,96415171,"""9d5c0e82ed546e692c415753676c3f5f-12""",2026-07-27 20:39:57+00:00
humane-intelligence/bias-bounty-mapping-equity-challenge/strata/national/national-nasa-heat-tract-table.parquet,25137063,"""e5939a9fe851ebec2b77dd95ca1a25f1-3""",2026-07-27 20:40:00+00:00
humane-intelligence/bias-bounty-mapping-equity-challenge/strata/national/national-nchs-tract-table.csv,4848123,"""bd369b9b8d44dcb25bf9758da809bd45""",2026-07-27 20:40:03+00:00
humane-intelligence/bias-bounty-mapping-equity-challenge/strata/national/national-nchs-tract-table.parquet,609911,"""728ffddb6ad190a2e8de5a968b7fb1c1""",2026-07-27 20:40:02+00:00
humane-intelligence/bias-bounty-mapping-equity-challenge/strata/national/national-nifc-tract-table.csv,17366401,"""94614987b7e05468b30befdd9fa8ccf6-3""",2026-07-27 20:40:02+00:00
humane-intelligence/bias-bounty-mapping-equity-challenge/strata/national/national-nifc-tract-table.parquet,1401245,"""3413c15abf27607a53d1cc512567f1f9""",2026-07-27 20:40:04+00:00
humane-intelligence/bias-bounty-mapping-equity-challenge/strata/national/national-noaa-ghcn-stations.csv,11000958,"""1d48c4fa717594942114fe45d60dd319-2""",2026-07-27 20:40:03+00:00
humane-intelligence/bias-bounty-mapping-equity-challenge/strata/national/national-noaa-ghcn-stations.parquet,4767595,"""ee1d3228ff216b9f5ce2b037e6a1837f""",2026-07-27 20:40:05+00:00
humane-intelligence/bias-bounty-mapping-equity-challenge/strata/national/national-noaa-ghcn-tract-table.csv,13484685,"""ebdb185b5245b835bd33d0814ebf7d6d-2""",2026-07-27 20:40:04+00:00
humane-intelligence/bias-bounty-mapping-equity-challenge/strata/national/national-noaa-ghcn-tract-table.parquet,4601077,"""977b95c3a8877932436f90e13eb7948c""",2026-07-27 20:40:07+00:00
humane-intelligence/bias-bounty-mapping-equity-challenge/strata/national/national-ruca-tract-table.csv,5974169,"""f1e893b8f3f69173e23200cd76ddcfcb""",2026-07-27 20:40:08+00:00
humane-intelligence/bias-bounty-mapping-equity-challenge/strata/national/national-ruca-tract-table.parquet,1339249,"""4f60afea22091bb4d551e3f4dde4453c""",2026-07-27 20:40:06+00:00
humane-intelligence/bias-bounty-mapping-equity-challenge/strata/national/national-rucc-tract-table.csv,9006195,"""c82d2788d6f59a800618b811776ca3e5-2""",2026-07-27 20:40:06+00:00
humane-intelligence/bias-bounty-mapping-equity-challenge/strata/national/national-rucc-tract-table.parquet,587477,"""087d3797199c641bb9ca6f4e32207396""",2026-07-27 20:40:07+00:00
humane-intelligence/bias-bounty-mapping-equity-challenge/strata/national/national-strata-tract-table.csv,202613591,"""ac55661e067008c93d35c792c0e1e458-25""",2026-08-26 15:41:29+00:00
humane-intelligence/bias-bounty-mapping-equity-challenge/strata/national/national-strata-tract-table.parquet,38063116,"""62b61839c38419d57a343f6a9467ae75-5""",2026-08-26 15:41:35+00:00
humane-intelligence/bias-bounty-mapping-equity-challenge/strata/national/national-svi-tract-table.csv,5893633,"""5096c1c135a4e0c467f9355431df4feb""",2026-07-27 20:40:21+00:00
humane-intelligence/bias-bounty-mapping-equity-challenge/strata/national/national-svi-tract-table.parquet,1651518,"""fffc6858c5fbad8420310cf6f5873e2d""",2026-07-27 20:40:20+00:00
humane-intelligence/bias-bounty-mapping-equity-challenge/strata/national/national-tribal-tract-table.csv,6608633,"""dc626b661701ebdd275c175d069fb033""",2026-07-27 20:40:52+00:00
humane-intelligence/bias-bounty-mapping-equity-challenge/strata/national/national-tribal-tract-table.parquet,647329,"""e44645575c171d63136319530cd6a46f""",2026-07-27 20:40:21+00:00
humane-intelligence/bias-bounty-mapping-equity-challenge/strata/national/national-usdm-drought-tract-table.csv,44502018,"""6cc24d22a8b050db6212c9bb7193ddab-6""",2026-07-27 20:40:21+00:00
humane-intelligence/bias-bounty-mapping-equity-challenge/strata/national/national-usdm-drought-tract-table.parquet,14435299,"""c928d253e682e29e339ad21d669871d6-2""",2026-07-27 20:40:24+00:00
humane-intelligence/bias-bounty-mapping-equity-challenge/strata/national/national-usfs-wildfire-tract-table.csv,127569854,"""fd18e3233503995affb93f8c57b7a4e9-16""",2026-07-27 20:40:26+00:00
humane-intelligence/bias-bounty-mapping-equity-challenge/strata/national/national-usfs-wildfire-tract-table.parquet,57357456,"""13b3c87828b0b49e078e78f38e55e1a4-7""",2026-07-27 20:40:36+00:00
humane-intelligence/bias-bounty-mapping-equity-challenge/strata/national/national-usgs-combined-tract-table.csv,15253724,"""83a7a6173e856fe27f610ac9776f4b6d-2""",2026-07-27 20:40:41+00:00
humane-intelligence/bias-bounty-mapping-equity-challenge/strata/national/national-usgs-combined-tract-table.parquet,2353875,"""2b48049269ae63b4be301bb0bcf3be6b""",2026-07-27 20:40:44+00:00
humane-intelligence/bias-bounty-mapping-equity-challenge/strata/northern-ca/northern-ca-carbonplan-tract-table.csv,208418,"""3dd4eeba4fd5c8fb506e0aaa8586bf1f""",2026-08-26 15:41:36+00:00
humane-intelligence/bias-bounty-mapping-equity-challenge/strata/northern-ca/northern-ca-carbonplan-tract-table.parquet,109585,"""795d407ded812193f721cd66495dcb0e""",2026-08-26 15:41:36+00:00
humane-intelligence/bias-bounty-mapping-equity-challenge/strata/northern-ca/northern-ca-cdc-wonder-tract-table.csv,456020,"""30c704ca35051cc81350b83a0a2de0f7""",2026-08-26 15:41:37+00:00
humane-intelligence/bias-bounty-mapping-equity-challenge/strata/northern-ca/northern-ca-cdc-wonder-tract-table.parquet,95858,"""b53e5da5a21187f5d8487d928502e0a1""",2026-08-26 15:41:37+00:00
humane-intelligence/bias-bounty-mapping-equity-challenge/strata/northern-ca/northern-ca-census-aiannh.parquet,100413,"""da3bd9b999f49247ddbec4b681a7fc94""",2026-08-26 15:41:37+00:00
humane-intelligence/bias-bounty-mapping-equity-challenge/strata/northern-ca/northern-ca-census-tracts.parquet,4762054,"""46465891bd31dd4a447cbdebf3e31f02""",2026-08-26 15:41:37+00:00
humane-intelligence/bias-bounty-mapping-equity-challenge/strata/northern-ca/northern-ca-census-tribal-subdivisions.parquet,20847,"""39858c18b0cfb11c01557a3d50a66e15""",2026-08-26 15:41:37+00:00
humane-intelligence/bias-bounty-mapping-equity-challenge/strata/northern-ca/northern-ca-census-tribal-tracts.parquet,96482,"""a5c0e0dc7f773d77c7277d79da33eb1d""",2026-08-26 15:41:37+00:00
humane-intelligence/bias-bounty-mapping-equity-challenge/strata/northern-ca/northern-ca-cvi-tract-table.csv,136420,"""67e32ec0f8599f68eb585ca98db0cd9e""",2026-08-26 15:41:37+00:00
humane-intelligence/bias-bounty-mapping-equity-challenge/strata/northern-ca/northern-ca-cvi-tract-table.parquet,67138,"""506a5ed0b057e38abaecb828f6d74b99""",2026-08-26 15:41:37+00:00
humane-intelligence/bias-bounty-mapping-equity-challenge/strata/northern-ca/northern-ca-drought-gov-tract-table.csv,1760396,"""345bc8fd55a950257b180cde4586ccb6""",2026-08-26 15:41:38+00:00
humane-intelligence/bias-bounty-mapping-equity-challenge/strata/northern-ca/northern-ca-drought-gov-tract-table.parquet,718685,"""55b8c8e31c919876017b6fdc1e283248""",2026-08-26 15:41:38+00:00
humane-intelligence/bias-bounty-mapping-equity-challenge/strata/northern-ca/northern-ca-epht-heat-tract-table.csv,154206,"""7580949329dd58096137bfa6891c4c07""",2026-08-26 15:41:38+00:00
humane-intelligence/bias-bounty-mapping-equity-challenge/strata/northern-ca/northern-ca-epht-heat-tract-table.parquet,40991,"""68e75690ad12be01ba6ab4dff3a63eee""",2026-08-26 15:41:38+00:00
humane-intelligence/bias-bounty-mapping-equity-challenge/strata/northern-ca/northern-ca-fpa-fod-tract-table.csv,116203,"""3713ebe644c313b50e56967e640fb18c""",2026-08-26 15:41:38+00:00
humane-intelligence/bias-bounty-mapping-equity-challenge/strata/northern-ca/northern-ca-fpa-fod-tract-table.parquet,63599,"""964217af9e593018f563782f236755e6""",2026-08-26 15:41:38+00:00
humane-intelligence/bias-bounty-mapping-equity-challenge/strata/northern-ca/northern-ca-mtbs-tract-table.csv,128289,"""f6300049d2dcc7c10bc92531baf01564""",2026-08-26 15:41:38+00:00
humane-intelligence/bias-bounty-mapping-equity-challenge/strata/northern-ca/northern-ca-mtbs-tract-table.parquet,45755,"""3f90fb7207ca3d438bfd71d6c447034d""",2026-08-26 15:41:38+00:00
humane-intelligence/bias-bounty-mapping-equity-challenge/strata/northern-ca/northern-ca-nasa-heat-tract-table.csv,677345,"""2b8a78d4cdcb4de63f000151c490b91f""",2026-08-26 15:41:38+00:00
humane-intelligence/bias-bounty-mapping-equity-challenge/strata/northern-ca/northern-ca-nasa-heat-tract-table.parquet,274678,"""db6e0fbff1a3b91758052fccaea7b7a1""",2026-08-26 15:41:38+00:00
humane-intelligence/bias-bounty-mapping-equity-challenge/strata/northern-ca/northern-ca-nchs-tract-table.csv,33821,"""f9fa5a94b4bc2170e8dd8bddd8709677""",2026-08-26 15:41:38+00:00
humane-intelligence/bias-bounty-mapping-equity-challenge/strata/northern-ca/northern-ca-nchs-tract-table.parquet,9140,"""f5eab389aff1e73e49a51be0e14dd26d""",2026-08-26 15:41:38+00:00
humane-intelligence/bias-bounty-mapping-equity-challenge/strata/northern-ca/northern-ca-nifc-tract-table.csv,152940,"""1a231bfb9ee7a8005f2b5641d94c7af0""",2026-08-26 15:41:38+00:00
humane-intelligence/bias-bounty-mapping-equity-challenge/strata/northern-ca/northern-ca-nifc-tract-table.parquet,56037,"""6afc7bded1b0ba3b477027e0b83a9caf""",2026-08-26 15:41:38+00:00
humane-intelligence/bias-bounty-mapping-equity-challenge/strata/northern-ca/northern-ca-noaa-ghcn-stations.csv,115083,"""18a60e24941ab9aa328dffd3a4831066""",2026-08-26 15:41:39+00:00
humane-intelligence/bias-bounty-mapping-equity-challenge/strata/northern-ca/northern-ca-noaa-ghcn-stations.parquet,63167,"""eaf25a9ba41ff20b62c988e0ce5404be""",2026-08-26 15:41:39+00:00
humane-intelligence/bias-bounty-mapping-equity-challenge/strata/northern-ca/northern-ca-noaa-ghcn-tract-table.csv,93314,"""021d18c6c101da3a4e122dfc7f27e597""",2026-08-26 15:41:39+00:00
humane-intelligence/bias-bounty-mapping-equity-challenge/strata/northern-ca/northern-ca-noaa-ghcn-tract-table.parquet,46350,"""9cb7422b19fa728bd951e71ee6b29429""",2026-08-26 15:41:38+00:00
humane-intelligence/bias-bounty-mapping-equity-challenge/strata/northern-ca/northern-ca-ruca-tract-table.csv,41330,"""832479ec590d94da8f6925e6d8b1900c""",2026-08-26 15:41:38+00:00
humane-intelligence/bias-bounty-mapping-equity-challenge/strata/northern-ca/northern-ca-ruca-tract-table.parquet,19102,"""52e1a87ddf9cfd814cfd8fd5bc1977c9""",2026-08-26 15:41:38+00:00
humane-intelligence/bias-bounty-mapping-equity-challenge/strata/northern-ca/northern-ca-rucc-tract-table.csv,62292,"""0b9d8d37bed9ea491caae83b07963e8d""",2026-08-26 15:41:39+00:00
humane-intelligence/bias-bounty-mapping-equity-challenge/strata/northern-ca/northern-ca-rucc-tract-table.parquet,9223,"""91e29a07b7b116c1d05fea186d794c8c""",2026-08-26 15:41:39+00:00
humane-intelligence/bias-bounty-mapping-equity-challenge/strata/northern-ca/northern-ca-strata-tract-table.csv,1471003,"""9d25d7f876f48775261347997925b563""",2026-08-26 15:41:39+00:00
humane-intelligence/bias-bounty-mapping-equity-challenge/strata/northern-ca/northern-ca-strata-tract-table.parquet,354711,"""42e0c00acebda0bc7c1224011307994e""",2026-08-26 15:41:39+00:00
humane-intelligence/bias-bounty-mapping-equity-challenge/strata/northern-ca/northern-ca-svi-tract-table.csv,41175,"""97728979c0bc6831b3aa4083e5d532f2""",2026-08-26 15:41:39+00:00
humane-intelligence/bias-bounty-mapping-equity-challenge/strata/northern-ca/northern-ca-svi-tract-table.parquet,35273,"""fc8133f2ac2eb77c54f711cb8c52e9de""",2026-08-26 15:41:39+00:00
humane-intelligence/bias-bounty-mapping-equity-challenge/strata/northern-ca/northern-ca-tribal-tract-table.csv,49099,"""4b97f376ed03020498018f3319682113""",2026-08-26 15:41:39+00:00
humane-intelligence/bias-bounty-mapping-equity-challenge/strata/northern-ca/northern-ca-tribal-tract-table.parquet,18656,"""244b0572f48c65309c20440de93b71d8""",2026-08-26 15:41:39+00:00
humane-intelligence/bias-bounty-mapping-equity-challenge/strata/northern-ca/northern-ca-usdm-drought-tract-table.csv,332783,"""d983d273d09d1fe057e913df622ad1ea""",2026-08-26 15:41:39+00:00
humane-intelligence/bias-bounty-mapping-equity-challenge/strata/northern-ca/northern-ca-usdm-drought-tract-table.parquet,119200,"""12a26a032c276c95946e89c0e6a9e5b4""",2026-08-26 15:41:39+00:00
humane-intelligence/bias-bounty-mapping-equity-challenge/strata/northern-ca/northern-ca-usfs-wildfire-tract-table.csv,910504,"""6eb4869ef57451d5ce70c544d17f2a67""",2026-08-26 15:41:40+00:00
humane-intelligence/bias-bounty-mapping-equity-challenge/strata/northern-ca/northern-ca-usfs-wildfire-tract-table.parquet,463026,"""de14f5cfd02f2d7aeb2633e3f8321d1f""",2026-08-26 15:41:39+00:00
humane-intelligence/bias-bounty-mapping-equity-challenge/strata/northern-ca/northern-ca-usgs-combined-tract-table.csv,144455,"""cd7b500116a8a6876d2a231115964874""",2026-08-26 15:41:39+00:00
humane-intelligence/bias-bounty-mapping-equity-challenge/strata/northern-ca/northern-ca-usgs-combined-tract-table.parquet,61861,"""37085cafc2c946902761310396b4c2d0""",2026-08-26 15:41:39+00:00
humane-intelligence/bias-bounty-mapping-equity-challenge/strata/south-central-tx/south-central-tx-carbonplan-tract-table.csv,2061230,"""8383fc8cf3be15914f4c93b8f059acee""",2026-08-26 15:41:40+00:00
humane-intelligence/bias-bounty-mapping-equity-challenge/strata/south-central-tx/south-central-tx-carbonplan-tract-table.parquet,878937,"""561b46b829d133a050db156a12993413""",2026-08-26 15:41:39+00:00
humane-intelligence/bias-bounty-mapping-equity-challenge/strata/south-central-tx/south-central-tx-cdc-wonder-tract-table.csv,4515957,"""596f171b01a6776d55c8997c09e384d0""",2026-08-26 15:41:40+00:00
humane-intelligence/bias-bounty-mapping-equity-challenge/strata/south-central-tx/south-central-tx-cdc-wonder-tract-table.parquet,185616,"""602a878594285736f387ce8b962c164f""",2026-08-26 15:41:40+00:00
humane-intelligence/bias-bounty-mapping-equity-challenge/strata/south-central-tx/south-central-tx-census-aiannh.parquet,7363,"""8c3b57ee0414d8abddeaa0d37cd1bd1a""",2026-08-26 15:41:39+00:00
humane-intelligence/bias-bounty-mapping-equity-challenge/strata/south-central-tx/south-central-tx-census-tracts.parquet,20580821,"""e2a0e17eab3e488560fa816ec7e5d354-3""",2026-08-26 15:41:39+00:00
humane-intelligence/bias-bounty-mapping-equity-challenge/strata/south-central-tx/south-central-tx-census-tribal-tracts.parquet,6340,"""6b028f6b5f6859e54ab4557afe65527d""",2026-08-26 15:41:40+00:00
humane-intelligence/bias-bounty-mapping-equity-challenge/strata/south-central-tx/south-central-tx-cvi-tract-table.csv,1373150,"""5fa16c1e91daafd044714d0d696b95df""",2026-08-26 15:41:41+00:00
humane-intelligence/bias-bounty-mapping-equity-challenge/strata/south-central-tx/south-central-tx-cvi-tract-table.parquet,540901,"""6c99a8654634f97089472aa62b2115bb""",2026-08-26 15:41:40+00:00
humane-intelligence/bias-bounty-mapping-equity-challenge/strata/south-central-tx/south-central-tx-drought-gov-tract-table.csv,17345449,"""1fad0402b5e42b31184c9a4588f2aadb-3""",2026-08-26 15:41:40+00:00
humane-intelligence/bias-bounty-mapping-equity-challenge/strata/south-central-tx/south-central-tx-drought-gov-tract-table.parquet,6329269,"""be365e39b2fcd37fa1011c32652ba590""",2026-08-26 15:41:41+00:00
humane-intelligence/bias-bounty-mapping-equity-challenge/strata/south-central-tx/south-central-tx-epht-heat-tract-table.csv,1548792,"""05c573b2c84b3df7e0ebfdd6356dc5dd""",2026-08-26 15:41:42+00:00
humane-intelligence/bias-bounty-mapping-equity-challenge/strata/south-central-tx/south-central-tx-epht-heat-tract-table.parquet,147868,"""872a7dc6ab31820c85d59686f0e1d2d4""",2026-08-26 15:41:41+00:00
humane-intelligence/bias-bounty-mapping-equity-challenge/strata/south-central-tx/south-central-tx-fpa-fod-tract-table.csv,928625,"""a22fc6ddc95cf40e0704f82191327313""",2026-08-26 15:41:42+00:00
humane-intelligence/bias-bounty-mapping-equity-challenge/strata/south-central-tx/south-central-tx-fpa-fod-tract-table.parquet,225946,"""364a230f9e4e53b388e75265baac9ff6""",2026-08-26 15:41:42+00:00
humane-intelligence/bias-bounty-mapping-equity-challenge/strata/south-central-tx/south-central-tx-mtbs-tract-table.csv,1116539,"""8fda292251911c183fb82212fe8efe9b""",2026-08-26 15:41:42+00:00
humane-intelligence/bias-bounty-mapping-equity-challenge/strata/south-central-tx/south-central-tx-mtbs-tract-table.parquet,90143,"""1d7b5c270900094d9be369568790c823""",2026-08-26 15:41:42+00:00
humane-intelligence/bias-bounty-mapping-equity-challenge/strata/south-central-tx/south-central-tx-nasa-heat-tract-table.csv,8992500,"""433236aee9331f58aa60fb9ccbb683e8-2""",2026-08-26 15:41:42+00:00
humane-intelligence/bias-bounty-mapping-equity-challenge/strata/south-central-tx/south-central-tx-nasa-heat-tract-table.parquet,3097557,"""4dd34599b52a2b6ddd904ab00047ba6e""",2026-08-26 15:41:42+00:00
humane-intelligence/bias-bounty-mapping-equity-challenge/strata/south-central-tx/south-central-tx-nchs-tract-table.csv,351210,"""63058d32438e56be74e1ad0248051d7d""",2026-08-26 15:41:43+00:00
humane-intelligence/bias-bounty-mapping-equity-challenge/strata/south-central-tx/south-central-tx-nchs-tract-table.parquet,46187,"""41e83ee133e27d97250d274b80102fb7""",2026-08-26 15:41:42+00:00
humane-intelligence/bias-bounty-mapping-equity-challenge/strata/south-central-tx/south-central-tx-nifc-tract-table.csv,1226204,"""6264b984c93266fcd49fbedd2f4d9986""",2026-08-26 15:41:43+00:00
humane-intelligence/bias-bounty-mapping-equity-challenge/strata/south-central-tx/south-central-tx-nifc-tract-table.parquet,119665,"""16af5af802259d59172b1214173bd371""",2026-08-26 15:41:43+00:00
humane-intelligence/bias-bounty-mapping-equity-challenge/strata/south-central-tx/south-central-tx-noaa-ghcn-stations.csv,792422,"""1dd3b142d396d76c99d12fce0c8b475c""",2026-08-26 15:41:43+00:00
humane-intelligence/bias-bounty-mapping-equity-challenge/strata/south-central-tx/south-central-tx-noaa-ghcn-stations.parquet,326084,"""73924461d4a41949f44888acaa47649f""",2026-08-26 15:41:43+00:00
humane-intelligence/bias-bounty-mapping-equity-challenge/strata/south-central-tx/south-central-tx-noaa-ghcn-tract-table.csv,953793,"""85cd63cb4410d3fa45188333d15ccca1""",2026-08-26 15:41:43+00:00
humane-intelligence/bias-bounty-mapping-equity-challenge/strata/south-central-tx/south-central-tx-noaa-ghcn-tract-table.parquet,329486,"""6c97908da418bfcd502087b8781ea553""",2026-08-26 15:41:43+00:00
humane-intelligence/bias-bounty-mapping-equity-challenge/strata/south-central-tx/south-central-tx-ruca-tract-table.csv,419822,"""88bd77e40fd391963cbc0bb273971371""",2026-08-26 15:41:44+00:00
humane-intelligence/bias-bounty-mapping-equity-challenge/strata/south-central-tx/south-central-tx-ruca-tract-table.parquet,121764,"""cc1448a4451feabc32a1054c7725badb""",2026-08-26 15:41:43+00:00
humane-intelligence/bias-bounty-mapping-equity-challenge/strata/south-central-tx/south-central-tx-rucc-tract-table.csv,626818,"""59d9ee531ea3fa812d14b2e95dd26d4d""",2026-08-26 15:41:44+00:00
humane-intelligence/bias-bounty-mapping-equity-challenge/strata/south-central-tx/south-central-tx-rucc-tract-table.parquet,45475,"""e9da148d95087df8e33c9803d87f966e""",2026-08-26 15:41:43+00:00
humane-intelligence/bias-bounty-mapping-equity-challenge/strata/south-central-tx/south-central-tx-strata-tract-table.csv,14345655,"""be89be01081400c95c255de71b277908-2""",2026-08-26 15:41:43+00:00
humane-intelligence/bias-bounty-mapping-equity-challenge/strata/south-central-tx/south-central-tx-strata-tract-table.parquet,2800838,"""9d170160226be25bd8b27e3b4af735be""",2026-08-26 15:41:44+00:00
humane-intelligence/bias-bounty-mapping-equity-challenge/strata/south-central-tx/south-central-tx-svi-tract-table.csv,415729,"""c691776ff6e574b5c0fb54321766062a""",2026-08-26 15:41:44+00:00
humane-intelligence/bias-bounty-mapping-equity-challenge/strata/south-central-tx/south-central-tx-svi-tract-table.parquet,213307,"""3d50f07e779f86b750e437d418436541""",2026-08-26 15:41:44+00:00
humane-intelligence/bias-bounty-mapping-equity-challenge/strata/south-central-tx/south-central-tx-tribal-tract-table.csv,451223,"""1d237ed3f7b65dfd5cfdd24aaa531d94""",2026-08-26 15:41:45+00:00
humane-intelligence/bias-bounty-mapping-equity-challenge/strata/south-central-tx/south-central-tx-tribal-tract-table.parquet,49681,"""ed46b89c9a5464ff15835a5c1a08d59b""",2026-08-26 15:41:44+00:00
humane-intelligence/bias-bounty-mapping-equity-challenge/strata/south-central-tx/south-central-tx-usdm-drought-tract-table.csv,3554838,"""79924fa860707c28ffcb023e16ed5d91""",2026-08-26 15:41:45+00:00
humane-intelligence/bias-bounty-mapping-equity-challenge/strata/south-central-tx/south-central-tx-usdm-drought-tract-table.parquet,1303466,"""df1c978893eb4466391bd97be64ab08c""",2026-08-26 15:41:44+00:00
humane-intelligence/bias-bounty-mapping-equity-challenge/strata/south-central-tx/south-central-tx-usfs-wildfire-tract-table.csv,9176490,"""be769ffee75be833f85596b128d5204c-2""",2026-08-26 15:41:44+00:00
humane-intelligence/bias-bounty-mapping-equity-challenge/strata/south-central-tx/south-central-tx-usfs-wildfire-tract-table.parquet,4164233,"""85de58295cf9194662bccb8f1dc76caf""",2026-08-26 15:41:45+00:00
humane-intelligence/bias-bounty-mapping-equity-challenge/strata/south-central-tx/south-central-tx-usgs-combined-tract-table.csv,1042719,"""cba382c9b668405c0ad3ff90cf204236""",2026-08-26 15:41:45+00:00
humane-intelligence/bias-bounty-mapping-equity-challenge/strata/south-central-tx/south-central-tx-usgs-combined-tract-table.parquet,163519,"""3f42406b9375be2a48914e9fee8b56a4""",2026-08-26 15:41:45+00:00
