source_table,column_name,position,arrow_dtype,table_num_rows,error_message
national-strata-tract-table,GEOID,0,string,85396,
national-strata-tract-table,STATEFP,1,string,85396,
national-strata-tract-table,COUNTYFP,2,string,85396,
national-strata-tract-table,state_usps,3,string,85396,
national-strata-tract-table,state_name,4,string,85396,
national-strata-tract-table,ALAND,5,int64,85396,
national-strata-tract-table,AWATER,6,int64,85396,
national-strata-tract-table,INTPTLAT,7,string,85396,
national-strata-tract-table,INTPTLON,8,string,85396,
national-strata-tract-table,pop_total,9,int64,85396,
national-strata-tract-table,pop_urban,10,int64,85396,
national-strata-tract-table,pop_rural,11,int64,85396,
national-strata-tract-table,pct_urban,12,double,85396,
national-strata-tract-table,ur_class,13,string,85396,
national-strata-tract-table,tract_vintage,14,int64,85396,
national-strata-tract-table,svi_covered,15,bool,85396,
national-strata-tract-table,svi_rank_universe,16,string,85396,
national-strata-tract-table,svi_overall,17,double,85396,
national-strata-tract-table,svi_socioeconomic,18,double,85396,
national-strata-tract-table,svi_household,19,double,85396,
national-strata-tract-table,svi_minority,20,double,85396,
national-strata-tract-table,svi_housing_transport,21,double,85396,
national-strata-tract-table,svi_pop,22,double,85396,
national-strata-tract-table,svi_year,23,int64,85396,
national-strata-tract-table,cvi_covered,24,bool,85396,
national-strata-tract-table,cvi_xwalk_coverage,25,double,85396,
national-strata-tract-table,cvi_overall,26,double,85396,
national-strata-tract-table,cvi_baseline,27,double,85396,
national-strata-tract-table,cvi_climate,28,double,85396,
national-strata-tract-table,cvi_baseline_health,29,double,85396,
national-strata-tract-table,cvi_baseline_socioeconomic,30,double,85396,
national-strata-tract-table,cvi_baseline_infrastructure,31,double,85396,
national-strata-tract-table,cvi_baseline_environment,32,double,85396,
national-strata-tract-table,cvi_climate_health,33,double,85396,
national-strata-tract-table,cvi_climate_socioeconomic,34,double,85396,
national-strata-tract-table,cvi_climate_extreme_events,35,double,85396,
national-strata-tract-table,cvi_source_vintage,36,int64,85396,
national-strata-tract-table,ruca_covered,37,bool,85396,
national-strata-tract-table,ruca_primary,38,double,85396,
national-strata-tract-table,ruca_primary_desc,39,string,85396,
national-strata-tract-table,ruca_secondary,40,double,85396,
national-strata-tract-table,ruca_pop_density,41,double,85396,
national-strata-tract-table,ruca_year,42,int64,85396,
national-strata-tract-table,rucc_covered,43,bool,85396,
national-strata-tract-table,rucc_2023,44,int64,85396,
national-strata-tract-table,rucc_desc,45,string,85396,
national-strata-tract-table,rucc_metro,46,bool,85396,
national-strata-tract-table,rucc_year,47,int64,85396,
national-strata-tract-table,nchs_covered,48,bool,85396,
national-strata-tract-table,nchs_2013,49,double,85396,
national-strata-tract-table,nchs_2013_label,50,string,85396,
national-strata-tract-table,nchs_year,51,int64,85396,
national-strata-tract-table,tribal_any,52,bool,85396,
national-strata-tract-table,tribal_pct,53,double,85396,
national-strata-tract-table,tribal_legal,54,bool,85396,
national-strata-tract-table,tribal_legal_pct,55,double,85396,
national-strata-tract-table,tribal_statistical,56,bool,85396,
national-strata-tract-table,tribal_stat_pct,57,double,85396,
national-strata-tract-table,aiannh_geoid,58,string,85396,
national-strata-tract-table,aiannh_name,59,string,85396,
national-strata-tract-table,aiannh_kind,60,string,85396,
national-strata-tract-table,usdm_covered,61,bool,85396,
national-strata-tract-table,usdm_summer_dsci,62,double,85396,
national-strata-tract-table,usdm_summer_pct_d0plus,63,double,85396,
national-strata-tract-table,usdm_summer_pct_d2plus,64,double,85396,
national-strata-tract-table,usdm_winter_dsci,65,double,85396,
national-strata-tract-table,usdm_winter_pct_d0plus,66,double,85396,
national-strata-tract-table,usdm_winter_pct_d2plus,67,double,85396,
national-strata-tract-table,usdm_year_min,68,int64,85396,
national-strata-tract-table,usdm_year_max,69,int64,85396,
national-strata-tract-table,usfs_covered,70,bool,85396,
national-strata-tract-table,usfs_BP_mean,71,double,85396,
national-strata-tract-table,usfs_CFL_mean,72,double,85396,
national-strata-tract-table,usfs_CRPS_mean,73,double,85396,
national-strata-tract-table,usfs_RPS_mean,74,double,85396,
national-strata-tract-table,usfs_WHP_mean,75,double,85396,
national-strata-tract-table,usfs_Exposure_mean,76,double,85396,
national-strata-tract-table,usfs_FLEP4_mean,77,double,85396,
national-strata-tract-table,usfs_FLEP8_mean,78,double,85396,
national-strata-tract-table,usfs_CWiRRZ_majority_label,79,string,85396,
national-strata-tract-table,usfs_CWiRRZ_majority_zone4_label,80,string,85396,
national-strata-tract-table,usfs_BuildingCount_sum,81,double,85396,
national-strata-tract-table,usfs_BuildingCover_mean,82,double,85396,
national-strata-tract-table,usfs_BuildingDensity_mean,83,double,85396,
national-strata-tract-table,usfs_HUCount_sum,84,double,85396,
national-strata-tract-table,usfs_HUDen_mean,85,double,85396,
national-strata-tract-table,usfs_HUExposure_mean,86,double,85396,
national-strata-tract-table,usfs_HUImpact_mean,87,double,85396,
national-strata-tract-table,usfs_HURisk_mean,88,double,85396,
national-strata-tract-table,usfs_PopCount_sum,89,double,85396,
national-strata-tract-table,usfs_PopDen_mean,90,double,85396,
national-strata-tract-table,usfs_edition,91,string,85396,
national-strata-tract-table,usfs_extent,92,string,85396,
national-strata-tract-table,epht_covered,93,bool,85396,
national-strata-tract-table,epht_heat_days_summer,94,double,85396,
national-strata-tract-table,epht_heat_days_annual,95,double,85396,
national-strata-tract-table,epht_heat_events_summer,96,double,85396,
national-strata-tract-table,epht_threshold,97,string,85396,
national-strata-tract-table,epht_metric,98,string,85396,
national-strata-tract-table,epht_year_min,99,int64,85396,
national-strata-tract-table,epht_year_max,100,int64,85396,
national-strata-tract-table,carbonplan_covered,101,bool,85396,
national-strata-tract-table,carbonplan_buildings,102,double,85396,
national-strata-tract-table,carbonplan_bp_2011_mean,103,double,85396,
national-strata-tract-table,carbonplan_bp_2011_median,104,double,85396,
national-strata-tract-table,carbonplan_bp_2047_mean,105,double,85396,
national-strata-tract-table,carbonplan_crps_mean,106,double,85396,
national-strata-tract-table,carbonplan_rps_2011_mean,107,double,85396,
national-strata-tract-table,carbonplan_rps_2011_median,108,double,85396,
national-strata-tract-table,carbonplan_rps_2047_mean,109,double,85396,
national-strata-tract-table,carbonplan_version,110,string,85396,
national-strata-tract-table,usgs_covered,111,bool,85396,
national-strata-tract-table,usgs_wildland_fire_burned_pct_area,112,double,85396,
national-strata-tract-table,usgs_wildfire_burned_pct_area,113,double,85396,
national-strata-tract-table,usgs_wildfire_pct_area_2plus,114,double,85396,
national-strata-tract-table,usgs_prescribed_burned_pct_area,115,double,85396,
national-strata-tract-table,usgs_wildfire_return_interval_years,116,double,85396,
national-strata-tract-table,usgs_wildfire_fires_per_burned_pixel,117,double,85396,
national-strata-tract-table,usgs_first_year_burned,118,double,85396,
national-strata-tract-table,usgs_last_year_burned,119,double,85396,
national-strata-tract-table,usgs_years_since_last_fire,120,double,85396,
national-strata-tract-table,usgs_wildfire_ever,121,bool,85396,
national-strata-tract-table,usgs_record_start,122,int64,85396,
national-strata-tract-table,usgs_record_end,123,int64,85396,
national-strata-tract-table,mtbs_covered,124,bool,85396,
national-strata-tract-table,mtbs_wildfire_burned_pct_land,125,double,85396,
national-strata-tract-table,mtbs_wildfire_burned_km2,126,double,85396,
national-strata-tract-table,mtbs_wildfire_fires,127,int32,85396,
national-strata-tract-table,mtbs_wildfire_last_year,128,double,85396,
national-strata-tract-table,mtbs_wildfire_ever,129,bool,85396,
national-strata-tract-table,mtbs_years_since_wildfire,130,double,85396,
national-strata-tract-table,mtbs_prescribed_burned_pct_land,131,double,85396,
national-strata-tract-table,mtbs_year_min,132,int64,85396,
national-strata-tract-table,mtbs_year_max,133,int64,85396,
national-strata-tract-table,mtbs_size_threshold,134,string,85396,
national-strata-tract-table,nifc_covered,135,bool,85396,
national-strata-tract-table,nifc_wildfire_burned_pct_land,136,double,85396,
national-strata-tract-table,nifc_wildfire_burned_km2,137,double,85396,
national-strata-tract-table,nifc_wildfire_fires,138,int32,85396,
national-strata-tract-table,nifc_wildfire_last_year,139,double,85396,
national-strata-tract-table,nifc_wildfire_ever,140,bool,85396,
national-strata-tract-table,nifc_years_since_wildfire,141,double,85396,
national-strata-tract-table,nifc_prescribed_burned_pct_land,142,double,85396,
national-strata-tract-table,nifc_wildfire_fires_history,143,int32,85396,
national-strata-tract-table,nifc_wildfire_fires_wfigs,144,int32,85396,
national-strata-tract-table,nifc_year_min,145,int64,85396,
national-strata-tract-table,nifc_year_max,146,int64,85396,
national-strata-tract-table,fod_covered,147,bool,85396,
national-strata-tract-table,fod_fires,148,int32,85396,
national-strata-tract-table,fod_acres_ignited,149,double,85396,
national-strata-tract-table,fod_ignition_density,150,double,85396,
national-strata-tract-table,fod_human_fires,151,int32,85396,
national-strata-tract-table,fod_natural_fires,152,int32,85396,
national-strata-tract-table,fod_large_fires,153,int32,85396,
national-strata-tract-table,fod_human_share,154,double,85396,
national-strata-tract-table,fod_human_share_classified,155,double,85396,
national-strata-tract-table,fod_cause_unknown_share,156,double,85396,
national-strata-tract-table,fod_last_fire_year,157,double,85396,
national-strata-tract-table,fod_largest_fire_acres,158,double,85396,
national-strata-tract-table,fod_ever,159,bool,85396,
national-strata-tract-table,fod_year_min,160,int64,85396,
national-strata-tract-table,fod_year_max,161,int64,85396,
national-strata-tract-table,fod_edition,162,string,85396,
national-strata-tract-table,ghcn_covered,163,bool,85396,
national-strata-tract-table,ghcn_stations_in_tract,164,int32,85396,
national-strata-tract-table,ghcn_temp_stations_in_tract,165,int32,85396,
national-strata-tract-table,ghcn_any_nearest_km,166,double,85396,
national-strata-tract-table,ghcn_temp_nearest_km,167,double,85396,
national-strata-tract-table,ghcn_prcp_nearest_km,168,double,85396,
national-strata-tract-table,ghcn_any_within_25km,169,int32,85396,
national-strata-tract-table,ghcn_temp_within_25km,170,int32,85396,
national-strata-tract-table,ghcn_anchor_unreliable,171,bool,85396,
national-strata-tract-table,ghcn_year_min,172,int64,85396,
national-strata-tract-table,ghcn_year_max,173,int64,85396,
national-strata-tract-table,cdcw_covered,174,bool,85396,
national-strata-tract-table,cdcw_grain,175,string,85396,
national-strata-tract-table,hwd_maxtemp_mean,176,double,85396,
national-strata-tract-table,hwd_maxtemp_change,177,double,85396,
national-strata-tract-table,hwd_maxtemp_trend_days_per_decade,178,double,85396,
national-strata-tract-table,hwd_maxtemp_trend_p,179,double,85396,
national-strata-tract-table,hwd_maxtemp_never_defined,180,bool,85396,
national-strata-tract-table,hwd_heatindex_mean,181,double,85396,
national-strata-tract-table,hwd_heatindex_change,182,double,85396,
national-strata-tract-table,hwd_heatindex_trend_days_per_decade,183,double,85396,
national-strata-tract-table,hwd_heatindex_trend_p,184,double,85396,
national-strata-tract-table,hwd_heatindex_never_defined,185,bool,85396,
national-strata-tract-table,hwd_heatstress_mean,186,double,85396,
national-strata-tract-table,hwd_heatstress_change,187,double,85396,
national-strata-tract-table,hwd_heatstress_trend_days_per_decade,188,double,85396,
national-strata-tract-table,hwd_heatstress_trend_p,189,double,85396,
national-strata-tract-table,hwd_heatstress_never_defined,190,bool,85396,
national-strata-tract-table,cdcw_window_start,191,int64,85396,
national-strata-tract-table,cdcw_window_end,192,int64,85396,
national-strata-tract-table,gehe_covered,193,bool,85396,
national-strata-tract-table,gehe_coverage_frac,194,double,85396,
national-strata-tract-table,gehe_wbgt28_days_mean,195,double,85396,
national-strata-tract-table,gehe_wbgt28_days_change,196,double,85396,
national-strata-tract-table,gehe_wbgt28_trend_days_per_yr,197,double,85396,
national-strata-tract-table,gehe_wbgt30_days_mean,198,double,85396,
national-strata-tract-table,gehe_wbgt30_days_change,199,double,85396,
national-strata-tract-table,gehe_wbgt30_trend_days_per_yr,200,double,85396,
national-strata-tract-table,gehe_wbgt32_days_mean,201,double,85396,
national-strata-tract-table,gehe_wbgt32_days_change,202,double,85396,
national-strata-tract-table,gehe_wbgt32_trend_days_per_yr,203,double,85396,
national-strata-tract-table,gehe_record_start,204,int64,85396,
national-strata-tract-table,gehe_record_end,205,int64,85396,
national-strata-tract-table,uhe_covered,206,bool,85396,
national-strata-tract-table,uhe_city_name,207,string,85396,
national-strata-tract-table,uhe_city_country,208,string,85396,
national-strata-tract-table,uhe_overlap_frac,209,double,85396,
national-strata-tract-table,uhe_wbgtmax28_days_per_yr,210,double,85396,
national-strata-tract-table,uhe_wbgtmax30_days_per_yr,211,double,85396,
national-strata-tract-table,uhe_himax461_days_per_yr,212,double,85396,
national-strata-tract-table,pmdi_covered,213,bool,85396,
national-strata-tract-table,pmdi_mean,214,double,85396,
national-strata-tract-table,pmdi_summer_mean,215,double,85396,
national-strata-tract-table,pmdi_winter_mean,216,double,85396,
national-strata-tract-table,pmdi_pct_months_severe,217,double,85396,
national-strata-tract-table,pmdi_recent_percentile,218,double,85396,
national-strata-tract-table,pmdi_mean_1895_2025,219,double,85396,
national-strata-tract-table,spi_covered,220,bool,85396,
national-strata-tract-table,spi_calibration,221,double,85396,
national-strata-tract-table,spi03_mean,222,double,85396,
national-strata-tract-table,spi03_summer_mean,223,double,85396,
national-strata-tract-table,spi03_winter_mean,224,double,85396,
national-strata-tract-table,spi03_pct_months_d2,225,double,85396,
national-strata-tract-table,spi12_mean,226,double,85396,
national-strata-tract-table,spi12_summer_mean,227,double,85396,
national-strata-tract-table,spi12_winter_mean,228,double,85396,
national-strata-tract-table,spi12_pct_months_d2,229,double,85396,
national-strata-tract-table,drought_gov_window_start,230,int64,85396,
national-strata-tract-table,drought_gov_window_end,231,int64,85396,
national-carbonplan-tract-table,GEOID,0,large_string,85396,
national-carbonplan-tract-table,STATEFP,1,large_string,85396,
national-carbonplan-tract-table,carbonplan_covered,2,bool,85396,
national-carbonplan-tract-table,carbonplan_buildings,3,double,85396,
national-carbonplan-tract-table,carbonplan_bp_2011_mean,4,double,85396,
national-carbonplan-tract-table,carbonplan_bp_2011_median,5,double,85396,
national-carbonplan-tract-table,carbonplan_bp_2047_mean,6,double,85396,
national-carbonplan-tract-table,carbonplan_bp_2047_median,7,double,85396,
national-carbonplan-tract-table,carbonplan_bp_riley_2011_mean,8,double,85396,
national-carbonplan-tract-table,carbonplan_bp_riley_2011_median,9,double,85396,
national-carbonplan-tract-table,carbonplan_bp_riley_2047_mean,10,double,85396,
national-carbonplan-tract-table,carbonplan_bp_riley_2047_median,11,double,85396,
national-carbonplan-tract-table,carbonplan_crps_mean,12,double,85396,
national-carbonplan-tract-table,carbonplan_crps_median,13,double,85396,
national-carbonplan-tract-table,carbonplan_rps_2011_mean,14,double,85396,
national-carbonplan-tract-table,carbonplan_rps_2011_median,15,double,85396,
national-carbonplan-tract-table,carbonplan_rps_2047_mean,16,double,85396,
national-carbonplan-tract-table,carbonplan_rps_2047_median,17,double,85396,
national-carbonplan-tract-table,carbonplan_risk_hist_2011,18,large_string,85396,
national-carbonplan-tract-table,carbonplan_risk_hist_2047,19,large_string,85396,
national-carbonplan-tract-table,carbonplan_version,20,large_string,85396,
national-cdc-wonder-heat-mortality,series,0,large_string,82,
national-cdc-wonder-heat-mortality,group,1,large_string,82,
national-cdc-wonder-heat-mortality,level,2,large_string,82,
national-cdc-wonder-heat-mortality,deaths,3,double,82,
national-cdc-wonder-heat-mortality,deaths_suppressed,4,bool,82,
national-cdc-wonder-heat-mortality,population,5,double,82,
national-cdc-wonder-heat-mortality,database,6,large_string,82,
national-cdc-wonder-heat-mortality,era,7,large_string,82,
national-cdc-wonder-heat-mortality,icd_codes,8,large_string,82,
national-cdc-wonder-heat-mortality,definition,9,large_string,82,
national-cdc-wonder-heat-mortality,geography,10,large_string,82,
national-cdc-wonder-heat-mortality,source,11,large_string,82,
national-cdc-wonder-heat-mortality,national_only_reason,12,large_string,82,
national-cdc-wonder-tract-table,GEOID,0,large_string,85396,
national-cdc-wonder-tract-table,STATEFP,1,large_string,85396,
national-cdc-wonder-tract-table,hwd_maxtemp_mean,2,double,85396,
national-cdc-wonder-tract-table,hwd_maxtemp_max,3,double,85396,
national-cdc-wonder-tract-table,hwd_maxtemp_1981_1995,4,double,85396,
national-cdc-wonder-tract-table,hwd_maxtemp_1996_2010,5,double,85396,
national-cdc-wonder-tract-table,hwd_maxtemp_change,6,double,85396,
national-cdc-wonder-tract-table,hwd_heatindex_mean,7,double,85396,
national-cdc-wonder-tract-table,hwd_heatindex_max,8,double,85396,
national-cdc-wonder-tract-table,hwd_heatindex_1981_1995,9,double,85396,
national-cdc-wonder-tract-table,hwd_heatindex_1996_2010,10,double,85396,
national-cdc-wonder-tract-table,hwd_heatindex_change,11,double,85396,
national-cdc-wonder-tract-table,hwd_heatstress_mean,12,double,85396,
national-cdc-wonder-tract-table,hwd_heatstress_max,13,double,85396,
national-cdc-wonder-tract-table,hwd_heatstress_1981_1995,14,double,85396,
national-cdc-wonder-tract-table,hwd_heatstress_1996_2010,15,double,85396,
national-cdc-wonder-tract-table,hwd_heatstress_change,16,double,85396,
national-cdc-wonder-tract-table,hwd_maxtemp_trend_days_per_decade,17,double,85396,
national-cdc-wonder-tract-table,hwd_maxtemp_trend_p,18,double,85396,
national-cdc-wonder-tract-table,hwd_maxtemp_n_years,19,double,85396,
national-cdc-wonder-tract-table,hwd_heatindex_trend_days_per_decade,20,double,85396,
national-cdc-wonder-tract-table,hwd_heatindex_trend_p,21,double,85396,
national-cdc-wonder-tract-table,hwd_heatindex_n_years,22,double,85396,
national-cdc-wonder-tract-table,hwd_heatstress_trend_days_per_decade,23,double,85396,
national-cdc-wonder-tract-table,hwd_heatstress_trend_p,24,double,85396,
national-cdc-wonder-tract-table,hwd_heatstress_n_years,25,double,85396,
national-cdc-wonder-tract-table,hwd_maxtemp_1981,26,double,85396,
national-cdc-wonder-tract-table,hwd_maxtemp_1982,27,double,85396,
national-cdc-wonder-tract-table,hwd_maxtemp_1983,28,double,85396,
national-cdc-wonder-tract-table,hwd_maxtemp_1984,29,double,85396,
national-cdc-wonder-tract-table,hwd_maxtemp_1985,30,double,85396,
national-cdc-wonder-tract-table,hwd_maxtemp_1986,31,double,85396,
national-cdc-wonder-tract-table,hwd_maxtemp_1987,32,double,85396,
national-cdc-wonder-tract-table,hwd_maxtemp_1988,33,double,85396,
national-cdc-wonder-tract-table,hwd_maxtemp_1989,34,double,85396,
national-cdc-wonder-tract-table,hwd_maxtemp_1990,35,double,85396,
national-cdc-wonder-tract-table,hwd_maxtemp_1991,36,double,85396,
national-cdc-wonder-tract-table,hwd_maxtemp_1992,37,double,85396,
national-cdc-wonder-tract-table,hwd_maxtemp_1993,38,double,85396,
national-cdc-wonder-tract-table,hwd_maxtemp_1994,39,double,85396,
national-cdc-wonder-tract-table,hwd_maxtemp_1995,40,double,85396,
national-cdc-wonder-tract-table,hwd_maxtemp_1996,41,double,85396,
national-cdc-wonder-tract-table,hwd_maxtemp_1997,42,double,85396,
national-cdc-wonder-tract-table,hwd_maxtemp_1998,43,double,85396,
national-cdc-wonder-tract-table,hwd_maxtemp_1999,44,double,85396,
national-cdc-wonder-tract-table,hwd_maxtemp_2000,45,double,85396,
national-cdc-wonder-tract-table,hwd_maxtemp_2001,46,double,85396,
national-cdc-wonder-tract-table,hwd_maxtemp_2002,47,double,85396,
national-cdc-wonder-tract-table,hwd_maxtemp_2003,48,double,85396,
national-cdc-wonder-tract-table,hwd_maxtemp_2004,49,double,85396,
national-cdc-wonder-tract-table,hwd_maxtemp_2005,50,double,85396,
national-cdc-wonder-tract-table,hwd_maxtemp_2006,51,double,85396,
national-cdc-wonder-tract-table,hwd_maxtemp_2007,52,double,85396,
national-cdc-wonder-tract-table,hwd_maxtemp_2008,53,double,85396,
national-cdc-wonder-tract-table,hwd_maxtemp_2009,54,double,85396,
national-cdc-wonder-tract-table,hwd_maxtemp_2010,55,double,85396,
national-cdc-wonder-tract-table,hwd_heatindex_1981,56,double,85396,
national-cdc-wonder-tract-table,hwd_heatindex_1982,57,double,85396,
national-cdc-wonder-tract-table,hwd_heatindex_1983,58,double,85396,
national-cdc-wonder-tract-table,hwd_heatindex_1984,59,double,85396,
national-cdc-wonder-tract-table,hwd_heatindex_1985,60,double,85396,
national-cdc-wonder-tract-table,hwd_heatindex_1986,61,double,85396,
national-cdc-wonder-tract-table,hwd_heatindex_1987,62,double,85396,
national-cdc-wonder-tract-table,hwd_heatindex_1988,63,double,85396,
national-cdc-wonder-tract-table,hwd_heatindex_1989,64,double,85396,
national-cdc-wonder-tract-table,hwd_heatindex_1990,65,double,85396,
national-cdc-wonder-tract-table,hwd_heatindex_1991,66,double,85396,
national-cdc-wonder-tract-table,hwd_heatindex_1992,67,double,85396,
national-cdc-wonder-tract-table,hwd_heatindex_1993,68,double,85396,
national-cdc-wonder-tract-table,hwd_heatindex_1994,69,double,85396,
national-cdc-wonder-tract-table,hwd_heatindex_1995,70,double,85396,
national-cdc-wonder-tract-table,hwd_heatindex_1996,71,double,85396,
national-cdc-wonder-tract-table,hwd_heatindex_1997,72,double,85396,
national-cdc-wonder-tract-table,hwd_heatindex_1998,73,double,85396,
national-cdc-wonder-tract-table,hwd_heatindex_1999,74,double,85396,
national-cdc-wonder-tract-table,hwd_heatindex_2000,75,double,85396,
national-cdc-wonder-tract-table,hwd_heatindex_2001,76,double,85396,
national-cdc-wonder-tract-table,hwd_heatindex_2002,77,double,85396,
national-cdc-wonder-tract-table,hwd_heatindex_2003,78,double,85396,
national-cdc-wonder-tract-table,hwd_heatindex_2004,79,double,85396,
national-cdc-wonder-tract-table,hwd_heatindex_2005,80,double,85396,
national-cdc-wonder-tract-table,hwd_heatindex_2006,81,double,85396,
national-cdc-wonder-tract-table,hwd_heatindex_2007,82,double,85396,
national-cdc-wonder-tract-table,hwd_heatindex_2008,83,double,85396,
national-cdc-wonder-tract-table,hwd_heatindex_2009,84,double,85396,
national-cdc-wonder-tract-table,hwd_heatindex_2010,85,double,85396,
national-cdc-wonder-tract-table,hwd_heatstress_1981,86,double,85396,
national-cdc-wonder-tract-table,hwd_heatstress_1982,87,double,85396,
national-cdc-wonder-tract-table,hwd_heatstress_1983,88,double,85396,
national-cdc-wonder-tract-table,hwd_heatstress_1984,89,double,85396,
national-cdc-wonder-tract-table,hwd_heatstress_1985,90,double,85396,
national-cdc-wonder-tract-table,hwd_heatstress_1986,91,double,85396,
national-cdc-wonder-tract-table,hwd_heatstress_1987,92,double,85396,
national-cdc-wonder-tract-table,hwd_heatstress_1988,93,double,85396,
national-cdc-wonder-tract-table,hwd_heatstress_1989,94,double,85396,
national-cdc-wonder-tract-table,hwd_heatstress_1990,95,double,85396,
national-cdc-wonder-tract-table,hwd_heatstress_1991,96,double,85396,
national-cdc-wonder-tract-table,hwd_heatstress_1992,97,double,85396,
national-cdc-wonder-tract-table,hwd_heatstress_1993,98,double,85396,
national-cdc-wonder-tract-table,hwd_heatstress_1994,99,double,85396,
national-cdc-wonder-tract-table,hwd_heatstress_1995,100,double,85396,
national-cdc-wonder-tract-table,hwd_heatstress_1996,101,double,85396,
national-cdc-wonder-tract-table,hwd_heatstress_1997,102,double,85396,
national-cdc-wonder-tract-table,hwd_heatstress_1998,103,double,85396,
national-cdc-wonder-tract-table,hwd_heatstress_1999,104,double,85396,
national-cdc-wonder-tract-table,hwd_heatstress_2000,105,double,85396,
national-cdc-wonder-tract-table,hwd_heatstress_2001,106,double,85396,
national-cdc-wonder-tract-table,hwd_heatstress_2002,107,double,85396,
national-cdc-wonder-tract-table,hwd_heatstress_2003,108,double,85396,
national-cdc-wonder-tract-table,hwd_heatstress_2004,109,double,85396,
national-cdc-wonder-tract-table,hwd_heatstress_2005,110,double,85396,
national-cdc-wonder-tract-table,hwd_heatstress_2006,111,double,85396,
national-cdc-wonder-tract-table,hwd_heatstress_2007,112,double,85396,
national-cdc-wonder-tract-table,hwd_heatstress_2008,113,double,85396,
national-cdc-wonder-tract-table,hwd_heatstress_2009,114,double,85396,
national-cdc-wonder-tract-table,hwd_heatstress_2010,115,double,85396,
national-cdc-wonder-tract-table,cdcw_county_pop_2010,116,double,85396,
national-cdc-wonder-tract-table,cdcw_covered,117,bool,85396,
national-cdc-wonder-tract-table,hwd_maxtemp_never_defined,118,bool,85396,
national-cdc-wonder-tract-table,hwd_heatindex_never_defined,119,bool,85396,
national-cdc-wonder-tract-table,hwd_heatstress_never_defined,120,bool,85396,
national-cdc-wonder-tract-table,cdcw_window_start,121,int64,85396,
national-cdc-wonder-tract-table,cdcw_window_end,122,int64,85396,
national-cdc-wonder-tract-table,cdcw_grain,123,large_string,85396,
national-census-aiannh,AIANNHCE,0,string,867,
national-census-aiannh,AIANNHNS,1,string,867,
national-census-aiannh,GEOID,2,string,867,
national-census-aiannh,GEOIDFQ,3,string,867,
national-census-aiannh,NAME,4,string,867,
national-census-aiannh,NAMELSAD,5,string,867,
national-census-aiannh,LSAD,6,string,867,
national-census-aiannh,CLASSFP,7,string,867,
national-census-aiannh,COMPTYP,8,string,867,
national-census-aiannh,AIANNHR,9,string,867,
national-census-aiannh,MTFCC,10,string,867,
national-census-aiannh,FUNCSTAT,11,string,867,
national-census-aiannh,ALAND,12,int64,867,
national-census-aiannh,AWATER,13,int64,867,
national-census-aiannh,INTPTLAT,14,string,867,
national-census-aiannh,INTPTLON,15,string,867,
national-census-aiannh,tiger_year,16,int64,867,
national-census-aiannh,kind,17,string,867,
national-census-aiannh,bbox,18,"struct<xmin: double, ymin: double, xmax: double, ymax: double>",867,
national-census-aiannh,geometry,19,binary,867,
national-census-tract-table,GEOID,0,large_string,85396,
national-census-tract-table,STATEFP,1,large_string,85396,
national-census-tract-table,COUNTYFP,2,large_string,85396,
national-census-tract-table,TRACTCE,3,large_string,85396,
national-census-tract-table,NAMELSAD,4,large_string,85396,
national-census-tract-table,state_usps,5,large_string,85396,
national-census-tract-table,state_name,6,large_string,85396,
national-census-tract-table,ALAND,7,int64,85396,
national-census-tract-table,AWATER,8,int64,85396,
national-census-tract-table,INTPTLAT,9,large_string,85396,
national-census-tract-table,INTPTLON,10,large_string,85396,
national-census-tract-table,pop_total,11,int64,85396,
national-census-tract-table,pop_urban,12,int64,85396,
national-census-tract-table,pop_rural,13,int64,85396,
national-census-tract-table,pct_urban,14,double,85396,
national-census-tract-table,ur_class,15,large_string,85396,
national-census-tract-table,tract_vintage,16,int64,85396,
national-census-tract-table,tiger_year,17,int64,85396,
national-census-tract-table,dhc_year,18,int64,85396,
national-census-tracts,GEOID,0,string,85396,
national-census-tracts,STATEFP,1,string,85396,
national-census-tracts,COUNTYFP,2,string,85396,
national-census-tracts,TRACTCE,3,string,85396,
national-census-tracts,NAMELSAD,4,string,85396,
national-census-tracts,state_usps,5,string,85396,
national-census-tracts,ALAND,6,int64,85396,
national-census-tracts,AWATER,7,int64,85396,
national-census-tracts,tract_vintage,8,int64,85396,
national-census-tracts,tiger_year,9,int64,85396,
national-census-tracts,bbox,10,"struct<xmin: double, ymin: double, xmax: double, ymax: double>",85396,
national-census-tracts,geometry,11,binary,85396,
national-census-tribal-subdivisions,AIANNHCE,0,string,484,
national-census-tribal-subdivisions,TRSUBCE,1,string,484,
national-census-tribal-subdivisions,TRSUBNS,2,string,484,
national-census-tribal-subdivisions,GEOID,3,string,484,
national-census-tribal-subdivisions,GEOIDFQ,4,string,484,
national-census-tribal-subdivisions,NAME,5,string,484,
national-census-tribal-subdivisions,NAMELSAD,6,string,484,
national-census-tribal-subdivisions,LSAD,7,string,484,
national-census-tribal-subdivisions,CLASSFP,8,string,484,
national-census-tribal-subdivisions,MTFCC,9,string,484,
national-census-tribal-subdivisions,FUNCSTAT,10,string,484,
national-census-tribal-subdivisions,ALAND,11,int64,484,
national-census-tribal-subdivisions,AWATER,12,int64,484,
national-census-tribal-subdivisions,INTPTLAT,13,string,484,
national-census-tribal-subdivisions,INTPTLON,14,string,484,
national-census-tribal-subdivisions,tiger_year,15,int64,484,
national-census-tribal-subdivisions,bbox,16,"struct<xmin: double, ymin: double, xmax: double, ymax: double>",484,
national-census-tribal-subdivisions,geometry,17,binary,484,
national-census-tribal-tracts,AIANNHCE,0,string,493,
national-census-tribal-tracts,TTRACTCE,1,string,493,
national-census-tribal-tracts,GEOID,2,string,493,
national-census-tribal-tracts,GEOIDFQ,3,string,493,
national-census-tribal-tracts,NAME,4,string,493,
national-census-tribal-tracts,NAMELSAD,5,string,493,
national-census-tribal-tracts,MTFCC,6,string,493,
national-census-tribal-tracts,ALAND,7,int64,493,
national-census-tribal-tracts,AWATER,8,int64,493,
national-census-tribal-tracts,INTPTLAT,9,string,493,
national-census-tribal-tracts,INTPTLON,10,string,493,
national-census-tribal-tracts,tiger_year,11,int64,493,
national-census-tribal-tracts,bbox,12,"struct<xmin: double, ymin: double, xmax: double, ymax: double>",493,
national-census-tribal-tracts,geometry,13,binary,493,
national-cvi-tract-table,GEOID,0,large_string,85396,
national-cvi-tract-table,STATEFP,1,large_string,85396,
national-cvi-tract-table,cvi_covered,2,bool,85396,
national-cvi-tract-table,cvi_xwalk_coverage,3,double,85396,
national-cvi-tract-table,cvi_weight_basis,4,large_string,85396,
national-cvi-tract-table,cvi_n_source_tracts,5,int32,85396,
national-cvi-tract-table,cvi_overall,6,double,85396,
national-cvi-tract-table,cvi_baseline,7,double,85396,
national-cvi-tract-table,cvi_climate,8,double,85396,
national-cvi-tract-table,cvi_baseline_health,9,double,85396,
national-cvi-tract-table,cvi_baseline_socioeconomic,10,double,85396,
national-cvi-tract-table,cvi_baseline_infrastructure,11,double,85396,
national-cvi-tract-table,cvi_baseline_environment,12,double,85396,
national-cvi-tract-table,cvi_climate_health,13,double,85396,
national-cvi-tract-table,cvi_climate_socioeconomic,14,double,85396,
national-cvi-tract-table,cvi_climate_extreme_events,15,double,85396,
national-cvi-tract-table,cvi_source_vintage,16,int64,85396,
national-cvi-tract-table,cvi_tract_vintage,17,int64,85396,
national-drought-gov-tract-table,GEOID,0,large_string,85396,
national-drought-gov-tract-table,STATEFP,1,large_string,85396,
national-drought-gov-tract-table,pmdi_mean,2,double,85396,
national-drought-gov-tract-table,pmdi_min,3,double,85396,
national-drought-gov-tract-table,pmdi_pct_months_moderate,4,double,85396,
national-drought-gov-tract-table,pmdi_pct_months_severe,5,double,85396,
national-drought-gov-tract-table,pmdi_pct_months_extreme,6,double,85396,
national-drought-gov-tract-table,pmdi_summer_mean,7,double,85396,
national-drought-gov-tract-table,pmdi_summer_2015,8,double,85396,
national-drought-gov-tract-table,pmdi_summer_2016,9,double,85396,
national-drought-gov-tract-table,pmdi_summer_2017,10,double,85396,
national-drought-gov-tract-table,pmdi_summer_2018,11,double,85396,
national-drought-gov-tract-table,pmdi_summer_2019,12,double,85396,
national-drought-gov-tract-table,pmdi_summer_2020,13,double,85396,
national-drought-gov-tract-table,pmdi_summer_2021,14,double,85396,
national-drought-gov-tract-table,pmdi_summer_2022,15,double,85396,
national-drought-gov-tract-table,pmdi_summer_2023,16,double,85396,
national-drought-gov-tract-table,pmdi_winter_mean,17,double,85396,
national-drought-gov-tract-table,pmdi_winter_2015,18,double,85396,
national-drought-gov-tract-table,pmdi_winter_2016,19,double,85396,
national-drought-gov-tract-table,pmdi_winter_2017,20,double,85396,
national-drought-gov-tract-table,pmdi_winter_2018,21,double,85396,
national-drought-gov-tract-table,pmdi_winter_2019,22,double,85396,
national-drought-gov-tract-table,pmdi_winter_2020,23,double,85396,
national-drought-gov-tract-table,pmdi_winter_2021,24,double,85396,
national-drought-gov-tract-table,pmdi_winter_2022,25,double,85396,
national-drought-gov-tract-table,pmdi_mean_1895_2025,26,double,85396,
national-drought-gov-tract-table,pmdi_pct_months_severe_1895_2025,27,double,85396,
national-drought-gov-tract-table,pmdi_driest_year,28,double,85396,
national-drought-gov-tract-table,pmdi_driest_year_value,29,double,85396,
national-drought-gov-tract-table,pmdi_recent_percentile,30,double,85396,
national-drought-gov-tract-table,pmdi_covered,31,bool,85396,
national-drought-gov-tract-table,spi01_mean,32,double,85396,
national-drought-gov-tract-table,spi01_min,33,double,85396,
national-drought-gov-tract-table,spi01_summer_mean,34,double,85396,
national-drought-gov-tract-table,spi01_winter_mean,35,double,85396,
national-drought-gov-tract-table,spi01_pct_months_d1,36,double,85396,
national-drought-gov-tract-table,spi01_pct_months_d15,37,double,85396,
national-drought-gov-tract-table,spi01_pct_months_d2,38,double,85396,
national-drought-gov-tract-table,spi01_summer_2015,39,double,85396,
national-drought-gov-tract-table,spi01_summer_2016,40,double,85396,
national-drought-gov-tract-table,spi01_summer_2017,41,double,85396,
national-drought-gov-tract-table,spi01_summer_2018,42,double,85396,
national-drought-gov-tract-table,spi01_summer_2019,43,double,85396,
national-drought-gov-tract-table,spi01_summer_2020,44,double,85396,
national-drought-gov-tract-table,spi01_summer_2021,45,double,85396,
national-drought-gov-tract-table,spi01_summer_2022,46,double,85396,
national-drought-gov-tract-table,spi01_summer_2023,47,double,85396,
national-drought-gov-tract-table,spi01_winter_2015,48,double,85396,
national-drought-gov-tract-table,spi01_winter_2016,49,double,85396,
national-drought-gov-tract-table,spi01_winter_2017,50,double,85396,
national-drought-gov-tract-table,spi01_winter_2018,51,double,85396,
national-drought-gov-tract-table,spi01_winter_2019,52,double,85396,
national-drought-gov-tract-table,spi01_winter_2020,53,double,85396,
national-drought-gov-tract-table,spi01_winter_2021,54,double,85396,
national-drought-gov-tract-table,spi01_winter_2022,55,double,85396,
national-drought-gov-tract-table,spi01_coverage_frac,56,double,85396,
national-drought-gov-tract-table,spi03_mean,57,double,85396,
national-drought-gov-tract-table,spi03_min,58,double,85396,
national-drought-gov-tract-table,spi03_summer_mean,59,double,85396,
national-drought-gov-tract-table,spi03_winter_mean,60,double,85396,
national-drought-gov-tract-table,spi03_pct_months_d1,61,double,85396,
national-drought-gov-tract-table,spi03_pct_months_d15,62,double,85396,
national-drought-gov-tract-table,spi03_pct_months_d2,63,double,85396,
national-drought-gov-tract-table,spi03_summer_2015,64,double,85396,
national-drought-gov-tract-table,spi03_summer_2016,65,double,85396,
national-drought-gov-tract-table,spi03_summer_2017,66,double,85396,
national-drought-gov-tract-table,spi03_summer_2018,67,double,85396,
national-drought-gov-tract-table,spi03_summer_2019,68,double,85396,
national-drought-gov-tract-table,spi03_summer_2020,69,double,85396,
national-drought-gov-tract-table,spi03_summer_2021,70,double,85396,
national-drought-gov-tract-table,spi03_summer_2022,71,double,85396,
national-drought-gov-tract-table,spi03_summer_2023,72,double,85396,
national-drought-gov-tract-table,spi03_winter_2015,73,double,85396,
national-drought-gov-tract-table,spi03_winter_2016,74,double,85396,
national-drought-gov-tract-table,spi03_winter_2017,75,double,85396,
national-drought-gov-tract-table,spi03_winter_2018,76,double,85396,
national-drought-gov-tract-table,spi03_winter_2019,77,double,85396,
national-drought-gov-tract-table,spi03_winter_2020,78,double,85396,
national-drought-gov-tract-table,spi03_winter_2021,79,double,85396,
national-drought-gov-tract-table,spi03_winter_2022,80,double,85396,
national-drought-gov-tract-table,spi03_coverage_frac,81,double,85396,
national-drought-gov-tract-table,spi06_mean,82,double,85396,
national-drought-gov-tract-table,spi06_min,83,double,85396,
national-drought-gov-tract-table,spi06_summer_mean,84,double,85396,
national-drought-gov-tract-table,spi06_winter_mean,85,double,85396,
national-drought-gov-tract-table,spi06_pct_months_d1,86,double,85396,
national-drought-gov-tract-table,spi06_pct_months_d15,87,double,85396,
national-drought-gov-tract-table,spi06_pct_months_d2,88,double,85396,
national-drought-gov-tract-table,spi06_summer_2015,89,double,85396,
national-drought-gov-tract-table,spi06_summer_2016,90,double,85396,
national-drought-gov-tract-table,spi06_summer_2017,91,double,85396,
national-drought-gov-tract-table,spi06_summer_2018,92,double,85396,
national-drought-gov-tract-table,spi06_summer_2019,93,double,85396,
national-drought-gov-tract-table,spi06_summer_2020,94,double,85396,
national-drought-gov-tract-table,spi06_summer_2021,95,double,85396,
national-drought-gov-tract-table,spi06_summer_2022,96,double,85396,
national-drought-gov-tract-table,spi06_summer_2023,97,double,85396,
national-drought-gov-tract-table,spi06_winter_2015,98,double,85396,
national-drought-gov-tract-table,spi06_winter_2016,99,double,85396,
national-drought-gov-tract-table,spi06_winter_2017,100,double,85396,
national-drought-gov-tract-table,spi06_winter_2018,101,double,85396,
national-drought-gov-tract-table,spi06_winter_2019,102,double,85396,
national-drought-gov-tract-table,spi06_winter_2020,103,double,85396,
national-drought-gov-tract-table,spi06_winter_2021,104,double,85396,
national-drought-gov-tract-table,spi06_winter_2022,105,double,85396,
national-drought-gov-tract-table,spi06_coverage_frac,106,double,85396,
national-drought-gov-tract-table,spi12_mean,107,double,85396,
national-drought-gov-tract-table,spi12_min,108,double,85396,
national-drought-gov-tract-table,spi12_summer_mean,109,double,85396,
national-drought-gov-tract-table,spi12_winter_mean,110,double,85396,
national-drought-gov-tract-table,spi12_pct_months_d1,111,double,85396,
national-drought-gov-tract-table,spi12_pct_months_d15,112,double,85396,
national-drought-gov-tract-table,spi12_pct_months_d2,113,double,85396,
national-drought-gov-tract-table,spi12_summer_2015,114,double,85396,
national-drought-gov-tract-table,spi12_summer_2016,115,double,85396,
national-drought-gov-tract-table,spi12_summer_2017,116,double,85396,
national-drought-gov-tract-table,spi12_summer_2018,117,double,85396,
national-drought-gov-tract-table,spi12_summer_2019,118,double,85396,
national-drought-gov-tract-table,spi12_summer_2020,119,double,85396,
national-drought-gov-tract-table,spi12_summer_2021,120,double,85396,
national-drought-gov-tract-table,spi12_summer_2022,121,double,85396,
national-drought-gov-tract-table,spi12_summer_2023,122,double,85396,
national-drought-gov-tract-table,spi12_winter_2015,123,double,85396,
national-drought-gov-tract-table,spi12_winter_2016,124,double,85396,
national-drought-gov-tract-table,spi12_winter_2017,125,double,85396,
national-drought-gov-tract-table,spi12_winter_2018,126,double,85396,
national-drought-gov-tract-table,spi12_winter_2019,127,double,85396,
national-drought-gov-tract-table,spi12_winter_2020,128,double,85396,
national-drought-gov-tract-table,spi12_winter_2021,129,double,85396,
national-drought-gov-tract-table,spi12_winter_2022,130,double,85396,
national-drought-gov-tract-table,spi12_coverage_frac,131,double,85396,
national-drought-gov-tract-table,spi24_mean,132,double,85396,
national-drought-gov-tract-table,spi24_min,133,double,85396,
national-drought-gov-tract-table,spi24_summer_mean,134,double,85396,
national-drought-gov-tract-table,spi24_winter_mean,135,double,85396,
national-drought-gov-tract-table,spi24_pct_months_d1,136,double,85396,
national-drought-gov-tract-table,spi24_pct_months_d15,137,double,85396,
national-drought-gov-tract-table,spi24_pct_months_d2,138,double,85396,
national-drought-gov-tract-table,spi24_summer_2015,139,double,85396,
national-drought-gov-tract-table,spi24_summer_2016,140,double,85396,
national-drought-gov-tract-table,spi24_summer_2017,141,double,85396,
national-drought-gov-tract-table,spi24_summer_2018,142,double,85396,
national-drought-gov-tract-table,spi24_summer_2019,143,double,85396,
national-drought-gov-tract-table,spi24_summer_2020,144,double,85396,
national-drought-gov-tract-table,spi24_summer_2021,145,double,85396,
national-drought-gov-tract-table,spi24_summer_2022,146,double,85396,
national-drought-gov-tract-table,spi24_summer_2023,147,double,85396,
national-drought-gov-tract-table,spi24_winter_2015,148,double,85396,
national-drought-gov-tract-table,spi24_winter_2016,149,double,85396,
national-drought-gov-tract-table,spi24_winter_2017,150,double,85396,
national-drought-gov-tract-table,spi24_winter_2018,151,double,85396,
national-drought-gov-tract-table,spi24_winter_2019,152,double,85396,
national-drought-gov-tract-table,spi24_winter_2020,153,double,85396,
national-drought-gov-tract-table,spi24_winter_2021,154,double,85396,
national-drought-gov-tract-table,spi24_winter_2022,155,double,85396,
national-drought-gov-tract-table,spi24_coverage_frac,156,double,85396,
national-drought-gov-tract-table,spi_covered,157,bool,85396,
national-drought-gov-tract-table,spi_calibration,158,double,85396,
national-drought-gov-tract-table,drought_gov_window_start,159,int64,85396,
national-drought-gov-tract-table,drought_gov_window_end,160,int64,85396,
national-epht-heat-tract-table,GEOID,0,large_string,85396,
national-epht-heat-tract-table,STATEFP,1,large_string,85396,
national-epht-heat-tract-table,epht_covered,2,bool,85396,
national-epht-heat-tract-table,epht_heat_days_summer,3,double,85396,
national-epht-heat-tract-table,epht_heat_days_summer_years,4,double,85396,
national-epht-heat-tract-table,epht_heat_days_annual,5,double,85396,
national-epht-heat-tract-table,epht_heat_days_annual_years,6,double,85396,
national-epht-heat-tract-table,epht_heat_events_summer,7,double,85396,
national-epht-heat-tract-table,epht_heat_events_summer_years,8,double,85396,
national-epht-heat-tract-table,epht_heat_days_summer_2015,9,double,85396,
national-epht-heat-tract-table,epht_heat_days_summer_2016,10,double,85396,
national-epht-heat-tract-table,epht_heat_days_summer_2017,11,double,85396,
national-epht-heat-tract-table,epht_heat_days_summer_2018,12,double,85396,
national-epht-heat-tract-table,epht_heat_days_summer_2019,13,double,85396,
national-epht-heat-tract-table,epht_heat_days_summer_2020,14,double,85396,
national-epht-heat-tract-table,epht_heat_days_summer_2021,15,double,85396,
national-epht-heat-tract-table,epht_heat_days_summer_2022,16,double,85396,
national-epht-heat-tract-table,epht_heat_days_summer_2023,17,double,85396,
national-epht-heat-tract-table,epht_heat_days_annual_2015,18,double,85396,
national-epht-heat-tract-table,epht_heat_days_annual_2016,19,double,85396,
national-epht-heat-tract-table,epht_heat_days_annual_2017,20,double,85396,
national-epht-heat-tract-table,epht_heat_days_annual_2018,21,double,85396,
national-epht-heat-tract-table,epht_heat_days_annual_2019,22,double,85396,
national-epht-heat-tract-table,epht_heat_days_annual_2020,23,double,85396,
national-epht-heat-tract-table,epht_heat_days_annual_2021,24,double,85396,
national-epht-heat-tract-table,epht_heat_days_annual_2022,25,double,85396,
national-epht-heat-tract-table,epht_heat_days_annual_2023,26,double,85396,
national-epht-heat-tract-table,epht_heat_events_summer_2015,27,double,85396,
national-epht-heat-tract-table,epht_heat_events_summer_2016,28,double,85396,
national-epht-heat-tract-table,epht_heat_events_summer_2017,29,double,85396,
national-epht-heat-tract-table,epht_heat_events_summer_2018,30,double,85396,
national-epht-heat-tract-table,epht_heat_events_summer_2019,31,double,85396,
national-epht-heat-tract-table,epht_heat_events_summer_2020,32,double,85396,
national-epht-heat-tract-table,epht_heat_events_summer_2021,33,double,85396,
national-epht-heat-tract-table,epht_heat_events_summer_2022,34,double,85396,
national-epht-heat-tract-table,epht_heat_events_summer_2023,35,double,85396,
national-epht-heat-tract-table,epht_threshold,36,large_string,85396,
national-epht-heat-tract-table,epht_metric,37,large_string,85396,
national-epht-heat-tract-table,epht_year_min,38,int64,85396,
national-epht-heat-tract-table,epht_year_max,39,int64,85396,
national-fpa-fod-tract-table,GEOID,0,large_string,85396,
national-fpa-fod-tract-table,STATEFP,1,large_string,85396,
national-fpa-fod-tract-table,fod_fires,2,int32,85396,
national-fpa-fod-tract-table,fod_acres_ignited,3,double,85396,
national-fpa-fod-tract-table,fod_human_fires,4,int32,85396,
national-fpa-fod-tract-table,fod_human_acres_ignited,5,double,85396,
national-fpa-fod-tract-table,fod_natural_fires,6,int32,85396,
national-fpa-fod-tract-table,fod_natural_acres_ignited,7,double,85396,
national-fpa-fod-tract-table,fod_unknown_fires,8,int32,85396,
national-fpa-fod-tract-table,fod_unknown_acres_ignited,9,double,85396,
national-fpa-fod-tract-table,fod_class_A_fires,10,int32,85396,
national-fpa-fod-tract-table,fod_class_B_fires,11,int32,85396,
national-fpa-fod-tract-table,fod_class_C_fires,12,int32,85396,
national-fpa-fod-tract-table,fod_class_D_fires,13,int32,85396,
national-fpa-fod-tract-table,fod_class_E_fires,14,int32,85396,
national-fpa-fod-tract-table,fod_class_F_fires,15,int32,85396,
national-fpa-fod-tract-table,fod_class_G_fires,16,int32,85396,
national-fpa-fod-tract-table,fod_large_fires,17,int32,85396,
national-fpa-fod-tract-table,fod_fires_2015_2020,18,double,85396,
national-fpa-fod-tract-table,fod_fires_1992_1999,19,double,85396,
national-fpa-fod-tract-table,fod_fires_2000_2009,20,double,85396,
national-fpa-fod-tract-table,fod_fires_2010_2020,21,double,85396,
national-fpa-fod-tract-table,fod_last_fire_year,22,double,85396,
national-fpa-fod-tract-table,fod_largest_fire_acres,23,double,85396,
national-fpa-fod-tract-table,fod_ignition_density,24,double,85396,
national-fpa-fod-tract-table,fod_human_share,25,double,85396,
national-fpa-fod-tract-table,fod_human_share_classified,26,double,85396,
national-fpa-fod-tract-table,fod_cause_unknown_share,27,double,85396,
national-fpa-fod-tract-table,fod_ever,28,bool,85396,
national-fpa-fod-tract-table,fod_years_since_fire,29,double,85396,
national-fpa-fod-tract-table,fod_covered,30,bool,85396,
national-fpa-fod-tract-table,fod_year_min,31,int64,85396,
national-fpa-fod-tract-table,fod_year_max,32,int64,85396,
national-fpa-fod-tract-table,fod_edition,33,large_string,85396,
national-fpa-fod-tract-table,fod_acreage_is_origin_attributed,34,bool,85396,
national-fpa-fod-tract-table,fod_reporting_completeness_varies,35,bool,85396,
national-mtbs-tract-table,GEOID,0,large_string,85396,
national-mtbs-tract-table,STATEFP,1,large_string,85396,
national-mtbs-tract-table,mtbs_wildfire_burned_km2,2,double,85396,
national-mtbs-tract-table,mtbs_wildfire_fires,3,int32,85396,
national-mtbs-tract-table,mtbs_wildfire_last_year,4,double,85396,
national-mtbs-tract-table,mtbs_prescribed_burned_km2,5,double,85396,
national-mtbs-tract-table,mtbs_prescribed_fires,6,int32,85396,
national-mtbs-tract-table,mtbs_prescribed_last_year,7,double,85396,
national-mtbs-tract-table,mtbs_other_burned_km2,8,double,85396,
national-mtbs-tract-table,mtbs_other_fires,9,int32,85396,
national-mtbs-tract-table,mtbs_other_last_year,10,double,85396,
national-mtbs-tract-table,mtbs_wfu_burned_km2,11,double,85396,
national-mtbs-tract-table,mtbs_wfu_fires,12,int32,85396,
national-mtbs-tract-table,mtbs_wfu_last_year,13,double,85396,
national-mtbs-tract-table,mtbs_wildfire_burned_km2_2015_2023,14,double,85396,
national-mtbs-tract-table,mtbs_wildfire_burned_km2_1984_1989,15,double,85396,
national-mtbs-tract-table,mtbs_wildfire_burned_km2_1990_1999,16,double,85396,
national-mtbs-tract-table,mtbs_wildfire_burned_km2_2000_2009,17,double,85396,
national-mtbs-tract-table,mtbs_wildfire_burned_km2_2010_2019,18,double,85396,
national-mtbs-tract-table,mtbs_wildfire_burned_km2_2020_2023,19,double,85396,
national-mtbs-tract-table,mtbs_wildfire_burned_pct_land,20,double,85396,
national-mtbs-tract-table,mtbs_prescribed_burned_pct_land,21,double,85396,
national-mtbs-tract-table,mtbs_other_burned_pct_land,22,double,85396,
national-mtbs-tract-table,mtbs_wfu_burned_pct_land,23,double,85396,
national-mtbs-tract-table,mtbs_wildfire_burned_pct_land_2015_2023,24,double,85396,
national-mtbs-tract-table,mtbs_wildfire_burned_pct_land_1984_1989,25,double,85396,
national-mtbs-tract-table,mtbs_wildfire_burned_pct_land_1990_1999,26,double,85396,
national-mtbs-tract-table,mtbs_wildfire_burned_pct_land_2000_2009,27,double,85396,
national-mtbs-tract-table,mtbs_wildfire_burned_pct_land_2010_2019,28,double,85396,
national-mtbs-tract-table,mtbs_wildfire_burned_pct_land_2020_2023,29,double,85396,
national-mtbs-tract-table,mtbs_wildfire_ever,30,bool,85396,
national-mtbs-tract-table,mtbs_years_since_wildfire,31,double,85396,
national-mtbs-tract-table,mtbs_covered,32,bool,85396,
national-mtbs-tract-table,mtbs_year_min,33,int64,85396,
national-mtbs-tract-table,mtbs_year_max,34,int64,85396,
national-mtbs-tract-table,mtbs_size_threshold,35,large_string,85396,
national-mtbs-tract-table,mtbs_ignitions,36,int32,85396,
national-mtbs-tract-table,mtbs_wildfire_ignitions,37,int32,85396,
national-nasa-heat-tract-table,GEOID,0,large_string,85396,
national-nasa-heat-tract-table,STATEFP,1,large_string,85396,
national-nasa-heat-tract-table,gehe_wbgt28_days_mean,2,double,85396,
national-nasa-heat-tract-table,gehe_wbgt28_days_max,3,double,85396,
national-nasa-heat-tract-table,gehe_wbgt28_days_1983_1992,4,double,85396,
national-nasa-heat-tract-table,gehe_wbgt28_days_2007_2016,5,double,85396,
national-nasa-heat-tract-table,gehe_wbgt28_days_change,6,double,85396,
national-nasa-heat-tract-table,gehe_wbgt28_years_any,7,double,85396,
national-nasa-heat-tract-table,gehe_wbgt28_trend_days_per_yr,8,double,85396,
national-nasa-heat-tract-table,gehe_wbgt28_trend_signif_frac,9,double,85396,
national-nasa-heat-tract-table,gehe_wbgt28_days_1983,10,double,85396,
national-nasa-heat-tract-table,gehe_wbgt28_days_1984,11,double,85396,
national-nasa-heat-tract-table,gehe_wbgt28_days_1985,12,double,85396,
national-nasa-heat-tract-table,gehe_wbgt28_days_1986,13,double,85396,
national-nasa-heat-tract-table,gehe_wbgt28_days_1987,14,double,85396,
national-nasa-heat-tract-table,gehe_wbgt28_days_1988,15,double,85396,
national-nasa-heat-tract-table,gehe_wbgt28_days_1989,16,double,85396,
national-nasa-heat-tract-table,gehe_wbgt28_days_1990,17,double,85396,
national-nasa-heat-tract-table,gehe_wbgt28_days_1991,18,double,85396,
national-nasa-heat-tract-table,gehe_wbgt28_days_1992,19,double,85396,
national-nasa-heat-tract-table,gehe_wbgt28_days_1993,20,double,85396,
national-nasa-heat-tract-table,gehe_wbgt28_days_1994,21,double,85396,
national-nasa-heat-tract-table,gehe_wbgt28_days_1995,22,double,85396,
national-nasa-heat-tract-table,gehe_wbgt28_days_1996,23,double,85396,
national-nasa-heat-tract-table,gehe_wbgt28_days_1997,24,double,85396,
national-nasa-heat-tract-table,gehe_wbgt28_days_1998,25,double,85396,
national-nasa-heat-tract-table,gehe_wbgt28_days_1999,26,double,85396,
national-nasa-heat-tract-table,gehe_wbgt28_days_2000,27,double,85396,
national-nasa-heat-tract-table,gehe_wbgt28_days_2001,28,double,85396,
national-nasa-heat-tract-table,gehe_wbgt28_days_2002,29,double,85396,
national-nasa-heat-tract-table,gehe_wbgt28_days_2003,30,double,85396,
national-nasa-heat-tract-table,gehe_wbgt28_days_2004,31,double,85396,
national-nasa-heat-tract-table,gehe_wbgt28_days_2005,32,double,85396,
national-nasa-heat-tract-table,gehe_wbgt28_days_2006,33,double,85396,
national-nasa-heat-tract-table,gehe_wbgt28_days_2007,34,double,85396,
national-nasa-heat-tract-table,gehe_wbgt28_days_2008,35,double,85396,
national-nasa-heat-tract-table,gehe_wbgt28_days_2009,36,double,85396,
national-nasa-heat-tract-table,gehe_wbgt28_days_2010,37,double,85396,
national-nasa-heat-tract-table,gehe_wbgt28_days_2011,38,double,85396,
national-nasa-heat-tract-table,gehe_wbgt28_days_2012,39,double,85396,
national-nasa-heat-tract-table,gehe_wbgt28_days_2013,40,double,85396,
national-nasa-heat-tract-table,gehe_wbgt28_days_2014,41,double,85396,
national-nasa-heat-tract-table,gehe_wbgt28_days_2015,42,double,85396,
national-nasa-heat-tract-table,gehe_wbgt28_days_2016,43,double,85396,
national-nasa-heat-tract-table,gehe_wbgt30_days_mean,44,double,85396,
national-nasa-heat-tract-table,gehe_wbgt30_days_max,45,double,85396,
national-nasa-heat-tract-table,gehe_wbgt30_days_1983_1992,46,double,85396,
national-nasa-heat-tract-table,gehe_wbgt30_days_2007_2016,47,double,85396,
national-nasa-heat-tract-table,gehe_wbgt30_days_change,48,double,85396,
national-nasa-heat-tract-table,gehe_wbgt30_years_any,49,double,85396,
national-nasa-heat-tract-table,gehe_wbgt30_trend_days_per_yr,50,double,85396,
national-nasa-heat-tract-table,gehe_wbgt30_trend_signif_frac,51,double,85396,
national-nasa-heat-tract-table,gehe_wbgt30_days_1983,52,double,85396,
national-nasa-heat-tract-table,gehe_wbgt30_days_1984,53,double,85396,
national-nasa-heat-tract-table,gehe_wbgt30_days_1985,54,double,85396,
national-nasa-heat-tract-table,gehe_wbgt30_days_1986,55,double,85396,
national-nasa-heat-tract-table,gehe_wbgt30_days_1987,56,double,85396,
national-nasa-heat-tract-table,gehe_wbgt30_days_1988,57,double,85396,
national-nasa-heat-tract-table,gehe_wbgt30_days_1989,58,double,85396,
national-nasa-heat-tract-table,gehe_wbgt30_days_1990,59,double,85396,
national-nasa-heat-tract-table,gehe_wbgt30_days_1991,60,double,85396,
national-nasa-heat-tract-table,gehe_wbgt30_days_1992,61,double,85396,
national-nasa-heat-tract-table,gehe_wbgt30_days_1993,62,double,85396,
national-nasa-heat-tract-table,gehe_wbgt30_days_1994,63,double,85396,
national-nasa-heat-tract-table,gehe_wbgt30_days_1995,64,double,85396,
national-nasa-heat-tract-table,gehe_wbgt30_days_1996,65,double,85396,
national-nasa-heat-tract-table,gehe_wbgt30_days_1997,66,double,85396,
national-nasa-heat-tract-table,gehe_wbgt30_days_1998,67,double,85396,
national-nasa-heat-tract-table,gehe_wbgt30_days_1999,68,double,85396,
national-nasa-heat-tract-table,gehe_wbgt30_days_2000,69,double,85396,
national-nasa-heat-tract-table,gehe_wbgt30_days_2001,70,double,85396,
national-nasa-heat-tract-table,gehe_wbgt30_days_2002,71,double,85396,
national-nasa-heat-tract-table,gehe_wbgt30_days_2003,72,double,85396,
national-nasa-heat-tract-table,gehe_wbgt30_days_2004,73,double,85396,
national-nasa-heat-tract-table,gehe_wbgt30_days_2005,74,double,85396,
national-nasa-heat-tract-table,gehe_wbgt30_days_2006,75,double,85396,
national-nasa-heat-tract-table,gehe_wbgt30_days_2007,76,double,85396,
national-nasa-heat-tract-table,gehe_wbgt30_days_2008,77,double,85396,
national-nasa-heat-tract-table,gehe_wbgt30_days_2009,78,double,85396,
national-nasa-heat-tract-table,gehe_wbgt30_days_2010,79,double,85396,
national-nasa-heat-tract-table,gehe_wbgt30_days_2011,80,double,85396,
national-nasa-heat-tract-table,gehe_wbgt30_days_2012,81,double,85396,
national-nasa-heat-tract-table,gehe_wbgt30_days_2013,82,double,85396,
national-nasa-heat-tract-table,gehe_wbgt30_days_2014,83,double,85396,
national-nasa-heat-tract-table,gehe_wbgt30_days_2015,84,double,85396,
national-nasa-heat-tract-table,gehe_wbgt30_days_2016,85,double,85396,
national-nasa-heat-tract-table,gehe_wbgt32_days_mean,86,double,85396,
national-nasa-heat-tract-table,gehe_wbgt32_days_max,87,double,85396,
national-nasa-heat-tract-table,gehe_wbgt32_days_1983_1992,88,double,85396,
national-nasa-heat-tract-table,gehe_wbgt32_days_2007_2016,89,double,85396,
national-nasa-heat-tract-table,gehe_wbgt32_days_change,90,double,85396,
national-nasa-heat-tract-table,gehe_wbgt32_years_any,91,double,85396,
national-nasa-heat-tract-table,gehe_wbgt32_trend_days_per_yr,92,double,85396,
national-nasa-heat-tract-table,gehe_wbgt32_trend_signif_frac,93,double,85396,
national-nasa-heat-tract-table,gehe_wbgt32_days_1983,94,double,85396,
national-nasa-heat-tract-table,gehe_wbgt32_days_1984,95,double,85396,
national-nasa-heat-tract-table,gehe_wbgt32_days_1985,96,double,85396,
national-nasa-heat-tract-table,gehe_wbgt32_days_1986,97,double,85396,
national-nasa-heat-tract-table,gehe_wbgt32_days_1987,98,double,85396,
national-nasa-heat-tract-table,gehe_wbgt32_days_1988,99,double,85396,
national-nasa-heat-tract-table,gehe_wbgt32_days_1989,100,double,85396,
national-nasa-heat-tract-table,gehe_wbgt32_days_1990,101,double,85396,
national-nasa-heat-tract-table,gehe_wbgt32_days_1991,102,double,85396,
national-nasa-heat-tract-table,gehe_wbgt32_days_1992,103,double,85396,
national-nasa-heat-tract-table,gehe_wbgt32_days_1993,104,double,85396,
national-nasa-heat-tract-table,gehe_wbgt32_days_1994,105,double,85396,
national-nasa-heat-tract-table,gehe_wbgt32_days_1995,106,double,85396,
national-nasa-heat-tract-table,gehe_wbgt32_days_1996,107,double,85396,
national-nasa-heat-tract-table,gehe_wbgt32_days_1997,108,double,85396,
national-nasa-heat-tract-table,gehe_wbgt32_days_1998,109,double,85396,
national-nasa-heat-tract-table,gehe_wbgt32_days_1999,110,double,85396,
national-nasa-heat-tract-table,gehe_wbgt32_days_2000,111,double,85396,
national-nasa-heat-tract-table,gehe_wbgt32_days_2001,112,double,85396,
national-nasa-heat-tract-table,gehe_wbgt32_days_2002,113,double,85396,
national-nasa-heat-tract-table,gehe_wbgt32_days_2003,114,double,85396,
national-nasa-heat-tract-table,gehe_wbgt32_days_2004,115,double,85396,
national-nasa-heat-tract-table,gehe_wbgt32_days_2005,116,double,85396,
national-nasa-heat-tract-table,gehe_wbgt32_days_2006,117,double,85396,
national-nasa-heat-tract-table,gehe_wbgt32_days_2007,118,double,85396,
national-nasa-heat-tract-table,gehe_wbgt32_days_2008,119,double,85396,
national-nasa-heat-tract-table,gehe_wbgt32_days_2009,120,double,85396,
national-nasa-heat-tract-table,gehe_wbgt32_days_2010,121,double,85396,
national-nasa-heat-tract-table,gehe_wbgt32_days_2011,122,double,85396,
national-nasa-heat-tract-table,gehe_wbgt32_days_2012,123,double,85396,
national-nasa-heat-tract-table,gehe_wbgt32_days_2013,124,double,85396,
national-nasa-heat-tract-table,gehe_wbgt32_days_2014,125,double,85396,
national-nasa-heat-tract-table,gehe_wbgt32_days_2015,126,double,85396,
national-nasa-heat-tract-table,gehe_wbgt32_days_2016,127,double,85396,
national-nasa-heat-tract-table,gehe_coverage_frac,128,double,85396,
national-nasa-heat-tract-table,gehe_covered,129,bool,85396,
national-nasa-heat-tract-table,gehe_record_start,130,int64,85396,
national-nasa-heat-tract-table,gehe_record_end,131,int64,85396,
national-nasa-heat-tract-table,uhe_n_centres,132,int64,85396,
national-nasa-heat-tract-table,uhe_overlap_frac,133,double,85396,
national-nasa-heat-tract-table,uhe_covered,134,bool,85396,
national-nasa-heat-tract-table,uhe_city_id,135,double,85396,
national-nasa-heat-tract-table,uhe_city_name,136,large_string,85396,
national-nasa-heat-tract-table,uhe_city_country,137,large_string,85396,
national-nasa-heat-tract-table,uhe_city_pop_2015,138,double,85396,
national-nasa-heat-tract-table,uhe_wbgtmax28_days_per_yr,139,double,85396,
national-nasa-heat-tract-table,uhe_wbgtmax28_days_per_yr_1983_1992,140,double,85396,
national-nasa-heat-tract-table,uhe_wbgtmax28_days_per_yr_2007_2016,141,double,85396,
national-nasa-heat-tract-table,uhe_wbgtmax28_person_days_per_yr,142,double,85396,
national-nasa-heat-tract-table,uhe_wbgtmax28_event_year_share,143,double,85396,
national-nasa-heat-tract-table,uhe_wbgtmax28_coef_totDays,144,double,85396,
national-nasa-heat-tract-table,uhe_wbgtmax28_p_value_totDays,145,double,85396,
national-nasa-heat-tract-table,uhe_wbgtmax30_days_per_yr,146,double,85396,
national-nasa-heat-tract-table,uhe_wbgtmax30_days_per_yr_1983_1992,147,double,85396,
national-nasa-heat-tract-table,uhe_wbgtmax30_days_per_yr_2007_2016,148,double,85396,
national-nasa-heat-tract-table,uhe_wbgtmax30_person_days_per_yr,149,double,85396,
national-nasa-heat-tract-table,uhe_wbgtmax30_event_year_share,150,double,85396,
national-nasa-heat-tract-table,uhe_wbgtmax30_coef_totDays,151,double,85396,
national-nasa-heat-tract-table,uhe_wbgtmax30_p_value_totDays,152,double,85396,
national-nasa-heat-tract-table,uhe_wbgtmax32_days_per_yr,153,double,85396,
national-nasa-heat-tract-table,uhe_wbgtmax32_days_per_yr_1983_1992,154,double,85396,
national-nasa-heat-tract-table,uhe_wbgtmax32_days_per_yr_2007_2016,155,double,85396,
national-nasa-heat-tract-table,uhe_wbgtmax32_person_days_per_yr,156,double,85396,
national-nasa-heat-tract-table,uhe_wbgtmax32_event_year_share,157,double,85396,
national-nasa-heat-tract-table,uhe_wbgtmax32_coef_totDays,158,double,85396,
national-nasa-heat-tract-table,uhe_wbgtmax32_p_value_totDays,159,double,85396,
national-nasa-heat-tract-table,uhe_himax461_days_per_yr,160,double,85396,
national-nasa-heat-tract-table,uhe_himax461_days_per_yr_1983_1992,161,double,85396,
national-nasa-heat-tract-table,uhe_himax461_days_per_yr_2007_2016,162,double,85396,
national-nasa-heat-tract-table,uhe_himax461_person_days_per_yr,163,double,85396,
national-nasa-heat-tract-table,uhe_himax461_event_year_share,164,double,85396,
national-nasa-heat-tract-table,uhe_himax461_coef_totDays,165,double,85396,
national-nasa-heat-tract-table,uhe_himax461_p_value_totDays,166,double,85396,
national-nasa-heat-tract-table,uhe_himax406_2d_days_per_yr,167,double,85396,
national-nasa-heat-tract-table,uhe_himax406_2d_days_per_yr_1983_1992,168,double,85396,
national-nasa-heat-tract-table,uhe_himax406_2d_days_per_yr_2007_2016,169,double,85396,
national-nasa-heat-tract-table,uhe_himax406_2d_person_days_per_yr,170,double,85396,
national-nasa-heat-tract-table,uhe_himax406_2d_event_year_share,171,double,85396,
national-nasa-heat-tract-table,uhe_himax406_2d_coef_totDays,172,double,85396,
national-nasa-heat-tract-table,uhe_himax406_2d_p_value_totDays,173,double,85396,
national-nchs-tract-table,GEOID,0,large_string,85396,
national-nchs-tract-table,STATEFP,1,large_string,85396,
national-nchs-tract-table,county,2,large_string,85396,
national-nchs-tract-table,nchs_covered,3,bool,85396,
national-nchs-tract-table,nchs_2013,4,double,85396,
national-nchs-tract-table,nchs_2013_label,5,large_string,85396,
national-nchs-tract-table,nchs_county_source,6,large_string,85396,
national-nchs-tract-table,nchs_year,7,int64,85396,
national-nifc-tract-table,GEOID,0,large_string,85396,
national-nifc-tract-table,STATEFP,1,large_string,85396,
national-nifc-tract-table,nifc_wildfire_burned_km2,2,double,85396,
national-nifc-tract-table,nifc_wildfire_fires,3,int32,85396,
national-nifc-tract-table,nifc_wildfire_last_year,4,double,85396,
national-nifc-tract-table,nifc_prescribed_burned_km2,5,double,85396,
national-nifc-tract-table,nifc_prescribed_fires,6,int32,85396,
national-nifc-tract-table,nifc_prescribed_last_year,7,double,85396,
national-nifc-tract-table,nifc_unknown_burned_km2,8,double,85396,
national-nifc-tract-table,nifc_unknown_fires,9,int32,85396,
national-nifc-tract-table,nifc_unknown_last_year,10,double,85396,
national-nifc-tract-table,nifc_wildfire_burned_km2_2015_2025,11,double,85396,
national-nifc-tract-table,nifc_wildfire_burned_km2_1984_1989,12,double,85396,
national-nifc-tract-table,nifc_wildfire_burned_km2_1990_1999,13,double,85396,
national-nifc-tract-table,nifc_wildfire_burned_km2_2000_2009,14,double,85396,
national-nifc-tract-table,nifc_wildfire_burned_km2_2010_2019,15,double,85396,
national-nifc-tract-table,nifc_wildfire_burned_km2_2020_2025,16,double,85396,
national-nifc-tract-table,nifc_wildfire_fires_history,17,int32,85396,
national-nifc-tract-table,nifc_wildfire_fires_wfigs,18,int32,85396,
national-nifc-tract-table,nifc_wildfire_burned_pct_land,19,double,85396,
national-nifc-tract-table,nifc_prescribed_burned_pct_land,20,double,85396,
national-nifc-tract-table,nifc_unknown_burned_pct_land,21,double,85396,
national-nifc-tract-table,nifc_wildfire_burned_pct_land_2015_2025,22,double,85396,
national-nifc-tract-table,nifc_wildfire_burned_pct_land_1984_1989,23,double,85396,
national-nifc-tract-table,nifc_wildfire_burned_pct_land_1990_1999,24,double,85396,
national-nifc-tract-table,nifc_wildfire_burned_pct_land_2000_2009,25,double,85396,
national-nifc-tract-table,nifc_wildfire_burned_pct_land_2010_2019,26,double,85396,
national-nifc-tract-table,nifc_wildfire_burned_pct_land_2020_2025,27,double,85396,
national-nifc-tract-table,nifc_wildfire_ever,28,bool,85396,
national-nifc-tract-table,nifc_years_since_wildfire,29,double,85396,
national-nifc-tract-table,nifc_covered,30,bool,85396,
national-nifc-tract-table,nifc_year_min,31,int64,85396,
national-nifc-tract-table,nifc_year_max,32,int64,85396,
national-nifc-tract-table,nifc_handoff_year,33,int64,85396,
national-nifc-tract-table,nifc_size_threshold,34,large_string,85396,
national-noaa-ghcn-stations,station_id,0,large_string,78849,
national-noaa-ghcn-stations,lat,1,double,78849,
national-noaa-ghcn-stations,lon,2,double,78849,
national-noaa-ghcn-stations,elev_m,3,double,78849,
national-noaa-ghcn-stations,state,4,large_string,78849,
national-noaa-ghcn-stations,name,5,large_string,78849,
national-noaa-ghcn-stations,gsn_flag,6,large_string,78849,
national-noaa-ghcn-stations,hcn_crn_flag,7,large_string,78849,
national-noaa-ghcn-stations,wmo_id,8,large_string,78849,
national-noaa-ghcn-stations,geometry,9,binary,78849,
national-noaa-ghcn-stations,GEOID,10,large_string,78849,
national-noaa-ghcn-stations,tmax_years_with_data,11,double,78849,
national-noaa-ghcn-stations,tmax_first_year,12,double,78849,
national-noaa-ghcn-stations,tmax_last_year,13,double,78849,
national-noaa-ghcn-stations,tmax_mean_c,14,double,78849,
national-noaa-ghcn-stations,tmax_min_c,15,double,78849,
national-noaa-ghcn-stations,tmax_max_c,16,double,78849,
national-noaa-ghcn-stations,tmax_obs_days,17,double,78849,
national-noaa-ghcn-stations,tmax_days_over_90f,18,double,78849,
national-noaa-ghcn-stations,tmax_days_over_100f,19,double,78849,
national-noaa-ghcn-stations,tmin_years_with_data,20,double,78849,
national-noaa-ghcn-stations,tmin_first_year,21,double,78849,
national-noaa-ghcn-stations,tmin_last_year,22,double,78849,
national-noaa-ghcn-stations,tmin_mean_c,23,double,78849,
national-noaa-ghcn-stations,tmin_min_c,24,double,78849,
national-noaa-ghcn-stations,tmin_max_c,25,double,78849,
national-noaa-ghcn-stations,tmin_obs_days,26,double,78849,
national-noaa-ghcn-stations,tmin_days_over_90f,27,double,78849,
national-noaa-ghcn-stations,tmin_days_over_100f,28,double,78849,
national-noaa-ghcn-stations,prcp_years_with_data,29,double,78849,
national-noaa-ghcn-stations,prcp_first_year,30,double,78849,
national-noaa-ghcn-stations,prcp_last_year,31,double,78849,
national-noaa-ghcn-stations,prcp_total_mm,32,double,78849,
national-noaa-ghcn-stations,prcp_obs_days,33,double,78849,
national-noaa-ghcn-stations,prcp_days_over_1in,34,double,78849,
national-noaa-ghcn-stations,has_temperature,35,bool,78849,
national-noaa-ghcn-stations,has_precipitation,36,bool,78849,
national-noaa-ghcn-stations,active_2015_2023,37,bool,78849,
national-noaa-ghcn-tract-table,GEOID,0,large_string,85396,
national-noaa-ghcn-tract-table,STATEFP,1,large_string,85396,
national-noaa-ghcn-tract-table,ghcn_stations_in_tract,2,int32,85396,
national-noaa-ghcn-tract-table,ghcn_temp_stations_in_tract,3,int32,85396,
national-noaa-ghcn-tract-table,ghcn_prcp_stations_in_tract,4,int32,85396,
national-noaa-ghcn-tract-table,ghcn_any_nearest_km,5,double,85396,
national-noaa-ghcn-tract-table,ghcn_any_nearest_station,6,large_string,85396,
national-noaa-ghcn-tract-table,ghcn_any_within_10km,7,int32,85396,
national-noaa-ghcn-tract-table,ghcn_any_within_25km,8,int32,85396,
national-noaa-ghcn-tract-table,ghcn_any_within_50km,9,int32,85396,
national-noaa-ghcn-tract-table,ghcn_temp_nearest_km,10,double,85396,
national-noaa-ghcn-tract-table,ghcn_temp_nearest_station,11,large_string,85396,
national-noaa-ghcn-tract-table,ghcn_temp_within_10km,12,int32,85396,
national-noaa-ghcn-tract-table,ghcn_temp_within_25km,13,int32,85396,
national-noaa-ghcn-tract-table,ghcn_temp_within_50km,14,int32,85396,
national-noaa-ghcn-tract-table,ghcn_prcp_nearest_km,15,double,85396,
national-noaa-ghcn-tract-table,ghcn_prcp_nearest_station,16,large_string,85396,
national-noaa-ghcn-tract-table,ghcn_prcp_within_10km,17,int32,85396,
national-noaa-ghcn-tract-table,ghcn_prcp_within_25km,18,int32,85396,
national-noaa-ghcn-tract-table,ghcn_prcp_within_50km,19,int32,85396,
national-noaa-ghcn-tract-table,ghcn_anchor_unreliable,20,bool,85396,
national-noaa-ghcn-tract-table,ghcn_covered,21,bool,85396,
national-noaa-ghcn-tract-table,ghcn_year_min,22,int64,85396,
national-noaa-ghcn-tract-table,ghcn_year_max,23,int64,85396,
national-ruca-tract-table,GEOID,0,large_string,85396,
national-ruca-tract-table,STATEFP,1,large_string,85396,
national-ruca-tract-table,ruca_covered,2,bool,85396,
national-ruca-tract-table,ruca_primary,3,double,85396,
national-ruca-tract-table,ruca_primary_desc,4,large_string,85396,
national-ruca-tract-table,ruca_secondary,5,double,85396,
national-ruca-tract-table,ruca_pop,6,double,85396,
national-ruca-tract-table,ruca_land_area_sqmi,7,double,85396,
national-ruca-tract-table,ruca_pop_density,8,double,85396,
national-ruca-tract-table,ruca_year,9,int64,85396,
national-rucc-tract-table,GEOID,0,large_string,85396,
national-rucc-tract-table,STATEFP,1,large_string,85396,
national-rucc-tract-table,county,2,large_string,85396,
national-rucc-tract-table,rucc_covered,3,bool,85396,
national-rucc-tract-table,rucc_2023,4,int64,85396,
national-rucc-tract-table,rucc_desc,5,large_string,85396,
national-rucc-tract-table,rucc_metro,6,bool,85396,
national-rucc-tract-table,rucc_year,7,int64,85396,
national-svi-tract-table,GEOID,0,large_string,85396,
national-svi-tract-table,STATEFP,1,large_string,85396,
national-svi-tract-table,svi_covered,2,bool,85396,
national-svi-tract-table,svi_rank_universe,3,large_string,85396,
national-svi-tract-table,svi_overall,4,double,85396,
national-svi-tract-table,svi_socioeconomic,5,double,85396,
national-svi-tract-table,svi_household,6,double,85396,
national-svi-tract-table,svi_minority,7,double,85396,
national-svi-tract-table,svi_housing_transport,8,double,85396,
national-svi-tract-table,svi_pop,9,double,85396,
national-svi-tract-table,svi_year,10,int64,85396,
national-tribal-tract-table,GEOID,0,large_string,85396,
national-tribal-tract-table,STATEFP,1,large_string,85396,
national-tribal-tract-table,tribal_any,2,bool,85396,
national-tribal-tract-table,tribal_pct,3,double,85396,
national-tribal-tract-table,tribal_legal,4,bool,85396,
national-tribal-tract-table,tribal_legal_pct,5,double,85396,
national-tribal-tract-table,tribal_statistical,6,bool,85396,
national-tribal-tract-table,tribal_stat_pct,7,double,85396,
national-tribal-tract-table,aiannh_geoid,8,large_string,85396,
national-tribal-tract-table,aiannh_name,9,large_string,85396,
national-tribal-tract-table,aiannh_classfp,10,large_string,85396,
national-tribal-tract-table,aiannh_kind,11,string,85396,
national-tribal-tract-table,aiannh_pct,12,double,85396,
national-tribal-tract-table,n_aiannh,13,int32,85396,
national-tribal-tract-table,in_tribal_subdivision,14,bool,85396,
national-tribal-tract-table,tribal_subdiv_geoid,15,large_string,85396,
national-tribal-tract-table,tribal_subdiv_name,16,large_string,85396,
national-tribal-tract-table,in_tribal_tract,17,bool,85396,
national-tribal-tract-table,tribal_tract_geoid,18,large_string,85396,
national-tribal-tract-table,tiger_year,19,int64,85396,
national-usdm-drought-tract-table,GEOID,0,large_string,85396,
national-usdm-drought-tract-table,STATEFP,1,large_string,85396,
national-usdm-drought-tract-table,usdm_covered,2,bool,85396,
national-usdm-drought-tract-table,usdm_summer_dsci,3,double,85396,
national-usdm-drought-tract-table,usdm_summer_mean_category,4,double,85396,
national-usdm-drought-tract-table,usdm_summer_pct_d0plus,5,double,85396,
national-usdm-drought-tract-table,usdm_summer_pct_d1plus,6,double,85396,
national-usdm-drought-tract-table,usdm_summer_pct_d2plus,7,double,85396,
national-usdm-drought-tract-table,usdm_summer_pct_d3plus,8,double,85396,
national-usdm-drought-tract-table,usdm_summer_pct_d4,9,double,85396,
national-usdm-drought-tract-table,usdm_summer_weeks,10,int64,85396,
national-usdm-drought-tract-table,usdm_winter_dsci,11,double,85396,
national-usdm-drought-tract-table,usdm_winter_mean_category,12,double,85396,
national-usdm-drought-tract-table,usdm_winter_pct_d0plus,13,double,85396,
national-usdm-drought-tract-table,usdm_winter_pct_d1plus,14,double,85396,
national-usdm-drought-tract-table,usdm_winter_pct_d2plus,15,double,85396,
national-usdm-drought-tract-table,usdm_winter_pct_d3plus,16,double,85396,
national-usdm-drought-tract-table,usdm_winter_pct_d4,17,double,85396,
national-usdm-drought-tract-table,usdm_winter_weeks,18,int64,85396,
national-usdm-drought-tract-table,usdm_summer_dsci_2015,19,double,85396,
national-usdm-drought-tract-table,usdm_summer_dsci_2016,20,double,85396,
national-usdm-drought-tract-table,usdm_summer_dsci_2017,21,double,85396,
national-usdm-drought-tract-table,usdm_summer_dsci_2018,22,double,85396,
national-usdm-drought-tract-table,usdm_summer_dsci_2019,23,double,85396,
national-usdm-drought-tract-table,usdm_summer_dsci_2020,24,double,85396,
national-usdm-drought-tract-table,usdm_summer_dsci_2021,25,double,85396,
national-usdm-drought-tract-table,usdm_summer_dsci_2022,26,double,85396,
national-usdm-drought-tract-table,usdm_summer_dsci_2023,27,double,85396,
national-usdm-drought-tract-table,usdm_winter_dsci_2015,28,double,85396,
national-usdm-drought-tract-table,usdm_winter_dsci_2016,29,double,85396,
national-usdm-drought-tract-table,usdm_winter_dsci_2017,30,double,85396,
national-usdm-drought-tract-table,usdm_winter_dsci_2018,31,double,85396,
national-usdm-drought-tract-table,usdm_winter_dsci_2019,32,double,85396,
national-usdm-drought-tract-table,usdm_winter_dsci_2020,33,double,85396,
national-usdm-drought-tract-table,usdm_winter_dsci_2021,34,double,85396,
national-usdm-drought-tract-table,usdm_winter_dsci_2022,35,double,85396,
national-usdm-drought-tract-table,usdm_winter_dsci_2023,36,double,85396,
national-usdm-drought-tract-table,usdm_year_min,37,int64,85396,
national-usdm-drought-tract-table,usdm_year_max,38,int64,85396,
national-usdm-drought-tract-table,usdm_area_basis,39,large_string,85396,
national-usfs-wildfire-tract-table,GEOID,0,large_string,85396,
national-usfs-wildfire-tract-table,STATEFP,1,large_string,85396,
national-usfs-wildfire-tract-table,usfs_BP_mean,2,double,85396,
national-usfs-wildfire-tract-table,usfs_BP_min,3,double,85396,
national-usfs-wildfire-tract-table,usfs_BP_max,4,double,85396,
national-usfs-wildfire-tract-table,usfs_BP_stdev,5,double,85396,
national-usfs-wildfire-tract-table,usfs_BP_count,6,double,85396,
national-usfs-wildfire-tract-table,usfs_BuildingCount_mean,7,double,85396,
national-usfs-wildfire-tract-table,usfs_BuildingCount_sum,8,double,85396,
national-usfs-wildfire-tract-table,usfs_BuildingCount_max,9,double,85396,
national-usfs-wildfire-tract-table,usfs_BuildingCount_count,10,double,85396,
national-usfs-wildfire-tract-table,usfs_BuildingCover_mean,11,double,85396,
national-usfs-wildfire-tract-table,usfs_BuildingCover_min,12,double,85396,
national-usfs-wildfire-tract-table,usfs_BuildingCover_max,13,double,85396,
national-usfs-wildfire-tract-table,usfs_BuildingCover_stdev,14,double,85396,
national-usfs-wildfire-tract-table,usfs_BuildingCover_count,15,double,85396,
national-usfs-wildfire-tract-table,usfs_BuildingDensity_mean,16,double,85396,
national-usfs-wildfire-tract-table,usfs_BuildingDensity_min,17,double,85396,
national-usfs-wildfire-tract-table,usfs_BuildingDensity_max,18,double,85396,
national-usfs-wildfire-tract-table,usfs_BuildingDensity_stdev,19,double,85396,
national-usfs-wildfire-tract-table,usfs_BuildingDensity_count,20,double,85396,
national-usfs-wildfire-tract-table,usfs_CFL_mean,21,double,85396,
national-usfs-wildfire-tract-table,usfs_CFL_min,22,double,85396,
national-usfs-wildfire-tract-table,usfs_CFL_max,23,double,85396,
national-usfs-wildfire-tract-table,usfs_CFL_stdev,24,double,85396,
national-usfs-wildfire-tract-table,usfs_CFL_count,25,double,85396,
national-usfs-wildfire-tract-table,usfs_CRPS_mean,26,double,85396,
national-usfs-wildfire-tract-table,usfs_CRPS_min,27,double,85396,
national-usfs-wildfire-tract-table,usfs_CRPS_max,28,double,85396,
national-usfs-wildfire-tract-table,usfs_CRPS_stdev,29,double,85396,
national-usfs-wildfire-tract-table,usfs_CRPS_count,30,double,85396,
national-usfs-wildfire-tract-table,usfs_CWiRRZ_majority,31,double,85396,
national-usfs-wildfire-tract-table,usfs_CWiRRZ_variety,32,double,85396,
national-usfs-wildfire-tract-table,usfs_CWiRRZ_count,33,double,85396,
national-usfs-wildfire-tract-table,usfs_CWiRRZ_frac,34,list<element: double>,85396,
national-usfs-wildfire-tract-table,usfs_CWiRRZ_majority_label,35,large_string,85396,
national-usfs-wildfire-tract-table,usfs_CWiRRZ_majority_zone4_label,36,large_string,85396,
national-usfs-wildfire-tract-table,usfs_Exposure_mean,37,double,85396,
national-usfs-wildfire-tract-table,usfs_Exposure_min,38,double,85396,
national-usfs-wildfire-tract-table,usfs_Exposure_max,39,double,85396,
national-usfs-wildfire-tract-table,usfs_Exposure_stdev,40,double,85396,
national-usfs-wildfire-tract-table,usfs_Exposure_count,41,double,85396,
national-usfs-wildfire-tract-table,usfs_FLEP4_mean,42,double,85396,
national-usfs-wildfire-tract-table,usfs_FLEP4_min,43,double,85396,
national-usfs-wildfire-tract-table,usfs_FLEP4_max,44,double,85396,
national-usfs-wildfire-tract-table,usfs_FLEP4_stdev,45,double,85396,
national-usfs-wildfire-tract-table,usfs_FLEP4_count,46,double,85396,
national-usfs-wildfire-tract-table,usfs_FLEP8_mean,47,double,85396,
national-usfs-wildfire-tract-table,usfs_FLEP8_min,48,double,85396,
national-usfs-wildfire-tract-table,usfs_FLEP8_max,49,double,85396,
national-usfs-wildfire-tract-table,usfs_FLEP8_stdev,50,double,85396,
national-usfs-wildfire-tract-table,usfs_FLEP8_count,51,double,85396,
national-usfs-wildfire-tract-table,usfs_HUCount_mean,52,double,85396,
national-usfs-wildfire-tract-table,usfs_HUCount_sum,53,double,85396,
national-usfs-wildfire-tract-table,usfs_HUCount_max,54,double,85396,
national-usfs-wildfire-tract-table,usfs_HUCount_count,55,double,85396,
national-usfs-wildfire-tract-table,usfs_HUDen_mean,56,double,85396,
national-usfs-wildfire-tract-table,usfs_HUDen_min,57,double,85396,
national-usfs-wildfire-tract-table,usfs_HUDen_max,58,double,85396,
national-usfs-wildfire-tract-table,usfs_HUDen_stdev,59,double,85396,
national-usfs-wildfire-tract-table,usfs_HUDen_count,60,double,85396,
national-usfs-wildfire-tract-table,usfs_HUExposure_mean,61,double,85396,
national-usfs-wildfire-tract-table,usfs_HUExposure_min,62,double,85396,
national-usfs-wildfire-tract-table,usfs_HUExposure_max,63,double,85396,
national-usfs-wildfire-tract-table,usfs_HUExposure_stdev,64,double,85396,
national-usfs-wildfire-tract-table,usfs_HUExposure_count,65,double,85396,
national-usfs-wildfire-tract-table,usfs_HUImpact_mean,66,double,85396,
national-usfs-wildfire-tract-table,usfs_HUImpact_min,67,double,85396,
national-usfs-wildfire-tract-table,usfs_HUImpact_max,68,double,85396,
national-usfs-wildfire-tract-table,usfs_HUImpact_stdev,69,double,85396,
national-usfs-wildfire-tract-table,usfs_HUImpact_count,70,double,85396,
national-usfs-wildfire-tract-table,usfs_HURisk_mean,71,double,85396,
national-usfs-wildfire-tract-table,usfs_HURisk_min,72,double,85396,
national-usfs-wildfire-tract-table,usfs_HURisk_max,73,double,85396,
national-usfs-wildfire-tract-table,usfs_HURisk_stdev,74,double,85396,
national-usfs-wildfire-tract-table,usfs_HURisk_count,75,double,85396,
national-usfs-wildfire-tract-table,usfs_PopCount_mean,76,double,85396,
national-usfs-wildfire-tract-table,usfs_PopCount_sum,77,double,85396,
national-usfs-wildfire-tract-table,usfs_PopCount_max,78,double,85396,
national-usfs-wildfire-tract-table,usfs_PopCount_count,79,double,85396,
national-usfs-wildfire-tract-table,usfs_PopDen_mean,80,double,85396,
national-usfs-wildfire-tract-table,usfs_PopDen_min,81,double,85396,
national-usfs-wildfire-tract-table,usfs_PopDen_max,82,double,85396,
national-usfs-wildfire-tract-table,usfs_PopDen_stdev,83,double,85396,
national-usfs-wildfire-tract-table,usfs_PopDen_count,84,double,85396,
national-usfs-wildfire-tract-table,usfs_RPS_mean,85,double,85396,
national-usfs-wildfire-tract-table,usfs_RPS_min,86,double,85396,
national-usfs-wildfire-tract-table,usfs_RPS_max,87,double,85396,
national-usfs-wildfire-tract-table,usfs_RPS_stdev,88,double,85396,
national-usfs-wildfire-tract-table,usfs_RPS_count,89,double,85396,
national-usfs-wildfire-tract-table,usfs_WHP_mean,90,double,85396,
national-usfs-wildfire-tract-table,usfs_WHP_min,91,double,85396,
national-usfs-wildfire-tract-table,usfs_WHP_max,92,double,85396,
national-usfs-wildfire-tract-table,usfs_WHP_stdev,93,double,85396,
national-usfs-wildfire-tract-table,usfs_WHP_count,94,double,85396,
national-usfs-wildfire-tract-table,usfs_covered,95,bool,85396,
national-usfs-wildfire-tract-table,usfs_edition,96,large_string,85396,
national-usfs-wildfire-tract-table,usfs_extent,97,large_string,85396,
national-usgs-combined-tract-table,GEOID,0,large_string,85396,
national-usgs-combined-tract-table,STATEFP,1,large_string,85396,
national-usgs-combined-tract-table,usgs_wildland_fire_coverage_frac,2,double,85396,
national-usgs-combined-tract-table,usgs_wildland_fire_covered,3,bool,85396,
national-usgs-combined-tract-table,usgs_wildland_fire_burned_pct_area,4,double,85396,
national-usgs-combined-tract-table,usgs_wildland_fire_pct_area_2plus,5,double,85396,
national-usgs-combined-tract-table,usgs_wildland_fire_pct_area_3plus,6,double,85396,
national-usgs-combined-tract-table,usgs_wildland_fire_mean_count,7,double,85396,
national-usgs-combined-tract-table,usgs_wildland_fire_max_count,8,double,85396,
national-usgs-combined-tract-table,usgs_wildfire_coverage_frac,9,double,85396,
national-usgs-combined-tract-table,usgs_wildfire_covered,10,bool,85396,
national-usgs-combined-tract-table,usgs_wildfire_burned_pct_area,11,double,85396,
national-usgs-combined-tract-table,usgs_wildfire_pct_area_2plus,12,double,85396,
national-usgs-combined-tract-table,usgs_wildfire_pct_area_3plus,13,double,85396,
national-usgs-combined-tract-table,usgs_wildfire_mean_count,14,double,85396,
national-usgs-combined-tract-table,usgs_wildfire_max_count,15,double,85396,
national-usgs-combined-tract-table,usgs_prescribed_coverage_frac,16,double,85396,
national-usgs-combined-tract-table,usgs_prescribed_covered,17,bool,85396,
national-usgs-combined-tract-table,usgs_prescribed_burned_pct_area,18,double,85396,
national-usgs-combined-tract-table,usgs_prescribed_pct_area_2plus,19,double,85396,
national-usgs-combined-tract-table,usgs_prescribed_pct_area_3plus,20,double,85396,
national-usgs-combined-tract-table,usgs_prescribed_mean_count,21,double,85396,
national-usgs-combined-tract-table,usgs_prescribed_max_count,22,double,85396,
national-usgs-combined-tract-table,usgs_wildfire_fires_per_burned_pixel,23,double,85396,
national-usgs-combined-tract-table,usgs_wildfire_return_interval_years,24,double,85396,
national-usgs-combined-tract-table,usgs_first_year_burned,25,double,85396,
national-usgs-combined-tract-table,usgs_last_year_burned,26,double,85396,
national-usgs-combined-tract-table,usgs_mean_burn_year,27,double,85396,
national-usgs-combined-tract-table,usgs_years_since_last_fire,28,double,85396,
national-usgs-combined-tract-table,usgs_burned_since_1984,29,bool,85396,
national-usgs-combined-tract-table,usgs_wildfire_ever,30,bool,85396,
national-usgs-combined-tract-table,usgs_pixels,31,double,85396,
national-usgs-combined-tract-table,usgs_covered,32,bool,85396,
national-usgs-combined-tract-table,usgs_record_start,33,int64,85396,
national-usgs-combined-tract-table,usgs_record_end,34,int64,85396,
national-usgs-combined-tract-table,usgs_well_observed_from,35,int64,85396,
national-usgs-combined-tract-table,usgs_n_source_datasets,36,int64,85396,
