region,column_name,in_national,in_region,national_dtype,region_dtype,dtype_match,national_position,region_position
maricopa-az,GEOID,True,True,string,string,True,0,0
maricopa-az,STATEFP,True,True,string,string,True,1,1
maricopa-az,COUNTYFP,True,True,string,string,True,2,2
maricopa-az,state_usps,True,False,string,,,3,
maricopa-az,state_name,True,False,string,,,4,
maricopa-az,ALAND,True,True,int64,int64,True,5,3
maricopa-az,AWATER,True,False,int64,,,6,
maricopa-az,INTPTLAT,True,False,string,,,7,
maricopa-az,INTPTLON,True,False,string,,,8,
maricopa-az,pop_total,True,True,int64,int64,True,9,4
maricopa-az,pop_urban,True,True,int64,int64,True,10,5
maricopa-az,pop_rural,True,True,int64,int64,True,11,6
maricopa-az,pct_urban,True,True,double,double,True,12,7
maricopa-az,ur_class,True,True,string,string,True,13,8
maricopa-az,tract_vintage,True,False,int64,,,14,
maricopa-az,svi_covered,True,True,bool,bool,True,15,10
maricopa-az,svi_rank_universe,True,True,string,string,True,16,11
maricopa-az,svi_overall,True,True,double,double,True,17,12
maricopa-az,svi_socioeconomic,True,True,double,double,True,18,13
maricopa-az,svi_household,True,True,double,double,True,19,14
maricopa-az,svi_minority,True,True,double,double,True,20,15
maricopa-az,svi_housing_transport,True,True,double,double,True,21,16
maricopa-az,svi_pop,True,True,double,double,True,22,17
maricopa-az,svi_year,True,True,int64,int64,True,23,18
maricopa-az,cvi_covered,True,True,bool,bool,True,24,19
maricopa-az,cvi_xwalk_coverage,True,True,double,double,True,25,20
maricopa-az,cvi_overall,True,True,double,double,True,26,21
maricopa-az,cvi_baseline,True,True,double,double,True,27,22
maricopa-az,cvi_climate,True,True,double,double,True,28,23
maricopa-az,cvi_baseline_health,True,True,double,double,True,29,24
maricopa-az,cvi_baseline_socioeconomic,True,True,double,double,True,30,25
maricopa-az,cvi_baseline_infrastructure,True,True,double,double,True,31,26
maricopa-az,cvi_baseline_environment,True,True,double,double,True,32,27
maricopa-az,cvi_climate_health,True,True,double,double,True,33,28
maricopa-az,cvi_climate_socioeconomic,True,True,double,double,True,34,29
maricopa-az,cvi_climate_extreme_events,True,True,double,double,True,35,30
maricopa-az,cvi_source_vintage,True,True,int64,int64,True,36,31
maricopa-az,ruca_covered,True,True,bool,bool,True,37,32
maricopa-az,ruca_primary,True,True,double,double,True,38,33
maricopa-az,ruca_primary_desc,True,True,string,string,True,39,34
maricopa-az,ruca_secondary,True,True,double,double,True,40,35
maricopa-az,ruca_pop_density,True,True,double,double,True,41,36
maricopa-az,ruca_year,True,True,int64,int64,True,42,37
maricopa-az,rucc_covered,True,True,bool,bool,True,43,38
maricopa-az,rucc_2023,True,True,int64,int64,True,44,39
maricopa-az,rucc_desc,True,True,string,string,True,45,40
maricopa-az,rucc_metro,True,True,bool,bool,True,46,41
maricopa-az,rucc_year,True,True,int64,int64,True,47,42
maricopa-az,nchs_covered,True,True,bool,bool,True,48,43
maricopa-az,nchs_2013,True,True,double,double,True,49,44
maricopa-az,nchs_2013_label,True,True,string,string,True,50,45
maricopa-az,nchs_year,True,True,int64,int64,True,51,46
maricopa-az,tribal_any,True,True,bool,bool,True,52,47
maricopa-az,tribal_pct,True,True,double,double,True,53,48
maricopa-az,tribal_legal,True,True,bool,bool,True,54,49
maricopa-az,tribal_legal_pct,True,True,double,double,True,55,50
maricopa-az,tribal_statistical,True,True,bool,bool,True,56,51
maricopa-az,tribal_stat_pct,True,True,double,double,True,57,52
maricopa-az,aiannh_geoid,True,True,string,string,True,58,53
maricopa-az,aiannh_name,True,True,string,string,True,59,54
maricopa-az,aiannh_kind,True,True,string,string,True,60,55
maricopa-az,usdm_covered,True,True,bool,bool,True,61,56
maricopa-az,usdm_summer_dsci,True,True,double,double,True,62,57
maricopa-az,usdm_summer_pct_d0plus,True,True,double,double,True,63,58
maricopa-az,usdm_summer_pct_d2plus,True,True,double,double,True,64,59
maricopa-az,usdm_winter_dsci,True,True,double,double,True,65,60
maricopa-az,usdm_winter_pct_d0plus,True,True,double,double,True,66,61
maricopa-az,usdm_winter_pct_d2plus,True,True,double,double,True,67,62
maricopa-az,usdm_year_min,True,True,int64,int64,True,68,63
maricopa-az,usdm_year_max,True,True,int64,int64,True,69,64
maricopa-az,usfs_covered,True,True,bool,bool,True,70,65
maricopa-az,usfs_BP_mean,True,True,double,double,True,71,66
maricopa-az,usfs_CFL_mean,True,True,double,double,True,72,67
maricopa-az,usfs_CRPS_mean,True,True,double,double,True,73,68
maricopa-az,usfs_RPS_mean,True,True,double,double,True,74,69
maricopa-az,usfs_WHP_mean,True,True,double,double,True,75,70
maricopa-az,usfs_Exposure_mean,True,True,double,double,True,76,71
maricopa-az,usfs_FLEP4_mean,True,True,double,double,True,77,72
maricopa-az,usfs_FLEP8_mean,True,True,double,double,True,78,73
maricopa-az,usfs_CWiRRZ_majority_label,True,True,string,string,True,79,74
maricopa-az,usfs_CWiRRZ_majority_zone4_label,True,True,string,string,True,80,75
maricopa-az,usfs_BuildingCount_sum,True,True,double,double,True,81,76
maricopa-az,usfs_BuildingCover_mean,True,True,double,double,True,82,77
maricopa-az,usfs_BuildingDensity_mean,True,True,double,double,True,83,78
maricopa-az,usfs_HUCount_sum,True,True,double,double,True,84,79
maricopa-az,usfs_HUDen_mean,True,True,double,double,True,85,80
maricopa-az,usfs_HUExposure_mean,True,True,double,double,True,86,81
maricopa-az,usfs_HUImpact_mean,True,True,double,double,True,87,82
maricopa-az,usfs_HURisk_mean,True,True,double,double,True,88,83
maricopa-az,usfs_PopCount_sum,True,True,double,double,True,89,84
maricopa-az,usfs_PopDen_mean,True,True,double,double,True,90,85
maricopa-az,usfs_edition,True,True,string,string,True,91,86
maricopa-az,usfs_extent,True,True,string,string,True,92,87
maricopa-az,epht_covered,True,True,bool,bool,True,93,88
maricopa-az,epht_heat_days_summer,True,True,double,double,True,94,89
maricopa-az,epht_heat_days_annual,True,True,double,double,True,95,90
maricopa-az,epht_heat_events_summer,True,True,double,double,True,96,91
maricopa-az,epht_threshold,True,True,string,string,True,97,92
maricopa-az,epht_metric,True,True,string,string,True,98,93
maricopa-az,epht_year_min,True,True,int64,int64,True,99,94
maricopa-az,epht_year_max,True,True,int64,int64,True,100,95
maricopa-az,carbonplan_covered,True,True,bool,bool,True,101,96
maricopa-az,carbonplan_buildings,True,True,double,double,True,102,97
maricopa-az,carbonplan_bp_2011_mean,True,True,double,double,True,103,98
maricopa-az,carbonplan_bp_2011_median,True,True,double,double,True,104,99
maricopa-az,carbonplan_bp_2047_mean,True,True,double,double,True,105,100
maricopa-az,carbonplan_crps_mean,True,True,double,double,True,106,101
maricopa-az,carbonplan_rps_2011_mean,True,True,double,double,True,107,102
maricopa-az,carbonplan_rps_2011_median,True,True,double,double,True,108,103
maricopa-az,carbonplan_rps_2047_mean,True,True,double,double,True,109,104
maricopa-az,carbonplan_version,True,True,string,string,True,110,105
maricopa-az,usgs_covered,True,True,bool,bool,True,111,106
maricopa-az,usgs_wildland_fire_burned_pct_area,True,True,double,double,True,112,107
maricopa-az,usgs_wildfire_burned_pct_area,True,True,double,double,True,113,108
maricopa-az,usgs_wildfire_pct_area_2plus,True,True,double,double,True,114,109
maricopa-az,usgs_prescribed_burned_pct_area,True,True,double,double,True,115,110
maricopa-az,usgs_wildfire_return_interval_years,True,True,double,double,True,116,111
maricopa-az,usgs_wildfire_fires_per_burned_pixel,True,True,double,double,True,117,112
maricopa-az,usgs_first_year_burned,True,True,double,double,True,118,113
maricopa-az,usgs_last_year_burned,True,True,double,double,True,119,114
maricopa-az,usgs_years_since_last_fire,True,True,double,double,True,120,115
maricopa-az,usgs_wildfire_ever,True,True,bool,bool,True,121,116
maricopa-az,usgs_record_start,True,True,int64,int64,True,122,117
maricopa-az,usgs_record_end,True,True,int64,int64,True,123,118
maricopa-az,mtbs_covered,True,True,bool,bool,True,124,119
maricopa-az,mtbs_wildfire_burned_pct_land,True,True,double,double,True,125,120
maricopa-az,mtbs_wildfire_burned_km2,True,True,double,double,True,126,121
maricopa-az,mtbs_wildfire_fires,True,True,int32,int32,True,127,122
maricopa-az,mtbs_wildfire_last_year,True,True,double,double,True,128,123
maricopa-az,mtbs_wildfire_ever,True,True,bool,bool,True,129,124
maricopa-az,mtbs_years_since_wildfire,True,True,double,double,True,130,125
maricopa-az,mtbs_prescribed_burned_pct_land,True,True,double,double,True,131,126
maricopa-az,mtbs_year_min,True,True,int64,int64,True,132,127
maricopa-az,mtbs_year_max,True,True,int64,int64,True,133,128
maricopa-az,mtbs_size_threshold,True,True,string,string,True,134,129
maricopa-az,nifc_covered,True,True,bool,bool,True,135,130
maricopa-az,nifc_wildfire_burned_pct_land,True,True,double,double,True,136,131
maricopa-az,nifc_wildfire_burned_km2,True,True,double,double,True,137,132
maricopa-az,nifc_wildfire_fires,True,True,int32,int32,True,138,133
maricopa-az,nifc_wildfire_last_year,True,True,double,double,True,139,134
maricopa-az,nifc_wildfire_ever,True,True,bool,bool,True,140,135
maricopa-az,nifc_years_since_wildfire,True,True,double,double,True,141,136
maricopa-az,nifc_prescribed_burned_pct_land,True,True,double,double,True,142,137
maricopa-az,nifc_wildfire_fires_history,True,True,int32,int32,True,143,138
maricopa-az,nifc_wildfire_fires_wfigs,True,True,int32,int32,True,144,139
maricopa-az,nifc_year_min,True,True,int64,int64,True,145,140
maricopa-az,nifc_year_max,True,True,int64,int64,True,146,141
maricopa-az,fod_covered,True,True,bool,bool,True,147,142
maricopa-az,fod_fires,True,True,int32,int32,True,148,143
maricopa-az,fod_acres_ignited,True,True,double,double,True,149,144
maricopa-az,fod_ignition_density,True,True,double,double,True,150,145
maricopa-az,fod_human_fires,True,True,int32,int32,True,151,146
maricopa-az,fod_natural_fires,True,True,int32,int32,True,152,147
maricopa-az,fod_large_fires,True,True,int32,int32,True,153,148
maricopa-az,fod_human_share,True,True,double,double,True,154,149
maricopa-az,fod_human_share_classified,True,True,double,double,True,155,150
maricopa-az,fod_cause_unknown_share,True,True,double,double,True,156,151
maricopa-az,fod_last_fire_year,True,True,double,double,True,157,152
maricopa-az,fod_largest_fire_acres,True,True,double,double,True,158,153
maricopa-az,fod_ever,True,True,bool,bool,True,159,154
maricopa-az,fod_year_min,True,True,int64,int64,True,160,155
maricopa-az,fod_year_max,True,True,int64,int64,True,161,156
maricopa-az,fod_edition,True,True,string,string,True,162,157
maricopa-az,ghcn_covered,True,True,bool,bool,True,163,158
maricopa-az,ghcn_stations_in_tract,True,True,int32,int32,True,164,159
maricopa-az,ghcn_temp_stations_in_tract,True,True,int32,int32,True,165,160
maricopa-az,ghcn_any_nearest_km,True,True,double,double,True,166,161
maricopa-az,ghcn_temp_nearest_km,True,True,double,double,True,167,162
maricopa-az,ghcn_prcp_nearest_km,True,True,double,double,True,168,163
maricopa-az,ghcn_any_within_25km,True,True,int32,int32,True,169,164
maricopa-az,ghcn_temp_within_25km,True,True,int32,int32,True,170,165
maricopa-az,ghcn_anchor_unreliable,True,True,bool,bool,True,171,166
maricopa-az,ghcn_year_min,True,True,int64,int64,True,172,167
maricopa-az,ghcn_year_max,True,True,int64,int64,True,173,168
maricopa-az,cdcw_covered,True,True,bool,bool,True,174,169
maricopa-az,cdcw_grain,True,True,string,string,True,175,170
maricopa-az,hwd_maxtemp_mean,True,True,double,double,True,176,171
maricopa-az,hwd_maxtemp_change,True,True,double,double,True,177,172
maricopa-az,hwd_maxtemp_trend_days_per_decade,True,True,double,double,True,178,173
maricopa-az,hwd_maxtemp_trend_p,True,True,double,double,True,179,174
maricopa-az,hwd_maxtemp_never_defined,True,True,bool,bool,True,180,175
maricopa-az,hwd_heatindex_mean,True,True,double,double,True,181,176
maricopa-az,hwd_heatindex_change,True,True,double,double,True,182,177
maricopa-az,hwd_heatindex_trend_days_per_decade,True,True,double,double,True,183,178
maricopa-az,hwd_heatindex_trend_p,True,True,double,double,True,184,179
maricopa-az,hwd_heatindex_never_defined,True,True,bool,bool,True,185,180
maricopa-az,hwd_heatstress_mean,True,True,double,double,True,186,181
maricopa-az,hwd_heatstress_change,True,True,double,double,True,187,182
maricopa-az,hwd_heatstress_trend_days_per_decade,True,True,double,double,True,188,183
maricopa-az,hwd_heatstress_trend_p,True,True,double,double,True,189,184
maricopa-az,hwd_heatstress_never_defined,True,True,bool,bool,True,190,185
maricopa-az,cdcw_window_start,True,True,int64,int64,True,191,186
maricopa-az,cdcw_window_end,True,True,int64,int64,True,192,187
maricopa-az,gehe_covered,True,True,bool,bool,True,193,188
maricopa-az,gehe_coverage_frac,True,True,double,double,True,194,189
maricopa-az,gehe_wbgt28_days_mean,True,True,double,double,True,195,190
maricopa-az,gehe_wbgt28_days_change,True,True,double,double,True,196,191
maricopa-az,gehe_wbgt28_trend_days_per_yr,True,True,double,double,True,197,192
maricopa-az,gehe_wbgt30_days_mean,True,True,double,double,True,198,193
maricopa-az,gehe_wbgt30_days_change,True,True,double,double,True,199,194
maricopa-az,gehe_wbgt30_trend_days_per_yr,True,True,double,double,True,200,195
maricopa-az,gehe_wbgt32_days_mean,True,True,double,double,True,201,196
maricopa-az,gehe_wbgt32_days_change,True,True,double,double,True,202,197
maricopa-az,gehe_wbgt32_trend_days_per_yr,True,True,double,double,True,203,198
maricopa-az,gehe_record_start,True,True,int64,int64,True,204,199
maricopa-az,gehe_record_end,True,True,int64,int64,True,205,200
maricopa-az,uhe_covered,True,True,bool,bool,True,206,201
maricopa-az,uhe_city_name,True,True,string,string,True,207,202
maricopa-az,uhe_city_country,True,True,string,string,True,208,203
maricopa-az,uhe_overlap_frac,True,True,double,double,True,209,204
maricopa-az,uhe_wbgtmax28_days_per_yr,True,True,double,double,True,210,205
maricopa-az,uhe_wbgtmax30_days_per_yr,True,True,double,double,True,211,206
maricopa-az,uhe_himax461_days_per_yr,True,True,double,double,True,212,207
maricopa-az,pmdi_covered,True,True,bool,bool,True,213,208
maricopa-az,pmdi_mean,True,True,double,double,True,214,209
maricopa-az,pmdi_summer_mean,True,True,double,double,True,215,210
maricopa-az,pmdi_winter_mean,True,True,double,double,True,216,211
maricopa-az,pmdi_pct_months_severe,True,True,double,double,True,217,212
maricopa-az,pmdi_recent_percentile,True,True,double,double,True,218,213
maricopa-az,pmdi_mean_1895_2025,True,True,double,double,True,219,214
maricopa-az,spi_covered,True,True,bool,bool,True,220,215
maricopa-az,spi_calibration,True,True,double,double,True,221,216
maricopa-az,spi03_mean,True,True,double,double,True,222,217
maricopa-az,spi03_summer_mean,True,True,double,double,True,223,218
maricopa-az,spi03_winter_mean,True,True,double,double,True,224,219
maricopa-az,spi03_pct_months_d2,True,True,double,double,True,225,220
maricopa-az,spi12_mean,True,True,double,double,True,226,221
maricopa-az,spi12_summer_mean,True,True,double,double,True,227,222
maricopa-az,spi12_winter_mean,True,True,double,double,True,228,223
maricopa-az,spi12_pct_months_d2,True,True,double,double,True,229,224
maricopa-az,drought_gov_window_start,True,True,int64,int64,True,230,225
maricopa-az,drought_gov_window_end,True,True,int64,int64,True,231,226
maricopa-az,frac_inside_aoi,False,True,,double,,,9
northern-ca,GEOID,True,True,string,string,True,0,0
northern-ca,STATEFP,True,True,string,string,True,1,1
northern-ca,COUNTYFP,True,True,string,string,True,2,2
northern-ca,state_usps,True,False,string,,,3,
northern-ca,state_name,True,False,string,,,4,
northern-ca,ALAND,True,True,int64,int64,True,5,3
northern-ca,AWATER,True,False,int64,,,6,
northern-ca,INTPTLAT,True,False,string,,,7,
northern-ca,INTPTLON,True,False,string,,,8,
northern-ca,pop_total,True,True,int64,int64,True,9,4
northern-ca,pop_urban,True,True,int64,int64,True,10,5
northern-ca,pop_rural,True,True,int64,int64,True,11,6
northern-ca,pct_urban,True,True,double,double,True,12,7
northern-ca,ur_class,True,True,string,string,True,13,8
northern-ca,tract_vintage,True,False,int64,,,14,
northern-ca,svi_covered,True,True,bool,bool,True,15,10
northern-ca,svi_rank_universe,True,True,string,string,True,16,11
northern-ca,svi_overall,True,True,double,double,True,17,12
northern-ca,svi_socioeconomic,True,True,double,double,True,18,13
northern-ca,svi_household,True,True,double,double,True,19,14
northern-ca,svi_minority,True,True,double,double,True,20,15
northern-ca,svi_housing_transport,True,True,double,double,True,21,16
northern-ca,svi_pop,True,True,double,double,True,22,17
northern-ca,svi_year,True,True,int64,int64,True,23,18
northern-ca,cvi_covered,True,True,bool,bool,True,24,19
northern-ca,cvi_xwalk_coverage,True,True,double,double,True,25,20
northern-ca,cvi_overall,True,True,double,double,True,26,21
northern-ca,cvi_baseline,True,True,double,double,True,27,22
northern-ca,cvi_climate,True,True,double,double,True,28,23
northern-ca,cvi_baseline_health,True,True,double,double,True,29,24
northern-ca,cvi_baseline_socioeconomic,True,True,double,double,True,30,25
northern-ca,cvi_baseline_infrastructure,True,True,double,double,True,31,26
northern-ca,cvi_baseline_environment,True,True,double,double,True,32,27
northern-ca,cvi_climate_health,True,True,double,double,True,33,28
northern-ca,cvi_climate_socioeconomic,True,True,double,double,True,34,29
northern-ca,cvi_climate_extreme_events,True,True,double,double,True,35,30
northern-ca,cvi_source_vintage,True,True,int64,int64,True,36,31
northern-ca,ruca_covered,True,True,bool,bool,True,37,32
northern-ca,ruca_primary,True,True,double,double,True,38,33
northern-ca,ruca_primary_desc,True,True,string,string,True,39,34
northern-ca,ruca_secondary,True,True,double,double,True,40,35
northern-ca,ruca_pop_density,True,True,double,double,True,41,36
northern-ca,ruca_year,True,True,int64,int64,True,42,37
northern-ca,rucc_covered,True,True,bool,bool,True,43,38
northern-ca,rucc_2023,True,True,int64,int64,True,44,39
northern-ca,rucc_desc,True,True,string,string,True,45,40
northern-ca,rucc_metro,True,True,bool,bool,True,46,41
northern-ca,rucc_year,True,True,int64,int64,True,47,42
northern-ca,nchs_covered,True,True,bool,bool,True,48,43
northern-ca,nchs_2013,True,True,double,double,True,49,44
northern-ca,nchs_2013_label,True,True,string,string,True,50,45
northern-ca,nchs_year,True,True,int64,int64,True,51,46
northern-ca,tribal_any,True,True,bool,bool,True,52,47
northern-ca,tribal_pct,True,True,double,double,True,53,48
northern-ca,tribal_legal,True,True,bool,bool,True,54,49
northern-ca,tribal_legal_pct,True,True,double,double,True,55,50
northern-ca,tribal_statistical,True,True,bool,bool,True,56,51
northern-ca,tribal_stat_pct,True,True,double,double,True,57,52
northern-ca,aiannh_geoid,True,True,string,string,True,58,53
northern-ca,aiannh_name,True,True,string,string,True,59,54
northern-ca,aiannh_kind,True,True,string,string,True,60,55
northern-ca,usdm_covered,True,True,bool,bool,True,61,56
northern-ca,usdm_summer_dsci,True,True,double,double,True,62,57
northern-ca,usdm_summer_pct_d0plus,True,True,double,double,True,63,58
northern-ca,usdm_summer_pct_d2plus,True,True,double,double,True,64,59
northern-ca,usdm_winter_dsci,True,True,double,double,True,65,60
northern-ca,usdm_winter_pct_d0plus,True,True,double,double,True,66,61
northern-ca,usdm_winter_pct_d2plus,True,True,double,double,True,67,62
northern-ca,usdm_year_min,True,True,int64,int64,True,68,63
northern-ca,usdm_year_max,True,True,int64,int64,True,69,64
northern-ca,usfs_covered,True,True,bool,bool,True,70,65
northern-ca,usfs_BP_mean,True,True,double,double,True,71,66
northern-ca,usfs_CFL_mean,True,True,double,double,True,72,67
northern-ca,usfs_CRPS_mean,True,True,double,double,True,73,68
northern-ca,usfs_RPS_mean,True,True,double,double,True,74,69
northern-ca,usfs_WHP_mean,True,True,double,double,True,75,70
northern-ca,usfs_Exposure_mean,True,True,double,double,True,76,71
northern-ca,usfs_FLEP4_mean,True,True,double,double,True,77,72
northern-ca,usfs_FLEP8_mean,True,True,double,double,True,78,73
northern-ca,usfs_CWiRRZ_majority_label,True,True,string,string,True,79,74
northern-ca,usfs_CWiRRZ_majority_zone4_label,True,True,string,string,True,80,75
northern-ca,usfs_BuildingCount_sum,True,True,double,double,True,81,76
northern-ca,usfs_BuildingCover_mean,True,True,double,double,True,82,77
northern-ca,usfs_BuildingDensity_mean,True,True,double,double,True,83,78
northern-ca,usfs_HUCount_sum,True,True,double,double,True,84,79
northern-ca,usfs_HUDen_mean,True,True,double,double,True,85,80
northern-ca,usfs_HUExposure_mean,True,True,double,double,True,86,81
northern-ca,usfs_HUImpact_mean,True,True,double,double,True,87,82
northern-ca,usfs_HURisk_mean,True,True,double,double,True,88,83
northern-ca,usfs_PopCount_sum,True,True,double,double,True,89,84
northern-ca,usfs_PopDen_mean,True,True,double,double,True,90,85
northern-ca,usfs_edition,True,True,string,string,True,91,86
northern-ca,usfs_extent,True,True,string,string,True,92,87
northern-ca,epht_covered,True,True,bool,bool,True,93,88
northern-ca,epht_heat_days_summer,True,True,double,double,True,94,89
northern-ca,epht_heat_days_annual,True,True,double,double,True,95,90
northern-ca,epht_heat_events_summer,True,True,double,double,True,96,91
northern-ca,epht_threshold,True,True,string,string,True,97,92
northern-ca,epht_metric,True,True,string,string,True,98,93
northern-ca,epht_year_min,True,True,int64,int64,True,99,94
northern-ca,epht_year_max,True,True,int64,int64,True,100,95
northern-ca,carbonplan_covered,True,True,bool,bool,True,101,96
northern-ca,carbonplan_buildings,True,True,double,double,True,102,97
northern-ca,carbonplan_bp_2011_mean,True,True,double,double,True,103,98
northern-ca,carbonplan_bp_2011_median,True,True,double,double,True,104,99
northern-ca,carbonplan_bp_2047_mean,True,True,double,double,True,105,100
northern-ca,carbonplan_crps_mean,True,True,double,double,True,106,101
northern-ca,carbonplan_rps_2011_mean,True,True,double,double,True,107,102
northern-ca,carbonplan_rps_2011_median,True,True,double,double,True,108,103
northern-ca,carbonplan_rps_2047_mean,True,True,double,double,True,109,104
northern-ca,carbonplan_version,True,True,string,string,True,110,105
northern-ca,usgs_covered,True,True,bool,bool,True,111,106
northern-ca,usgs_wildland_fire_burned_pct_area,True,True,double,double,True,112,107
northern-ca,usgs_wildfire_burned_pct_area,True,True,double,double,True,113,108
northern-ca,usgs_wildfire_pct_area_2plus,True,True,double,double,True,114,109
northern-ca,usgs_prescribed_burned_pct_area,True,True,double,double,True,115,110
northern-ca,usgs_wildfire_return_interval_years,True,True,double,double,True,116,111
northern-ca,usgs_wildfire_fires_per_burned_pixel,True,True,double,double,True,117,112
northern-ca,usgs_first_year_burned,True,True,double,double,True,118,113
northern-ca,usgs_last_year_burned,True,True,double,double,True,119,114
northern-ca,usgs_years_since_last_fire,True,True,double,double,True,120,115
northern-ca,usgs_wildfire_ever,True,True,bool,bool,True,121,116
northern-ca,usgs_record_start,True,True,int64,int64,True,122,117
northern-ca,usgs_record_end,True,True,int64,int64,True,123,118
northern-ca,mtbs_covered,True,True,bool,bool,True,124,119
northern-ca,mtbs_wildfire_burned_pct_land,True,True,double,double,True,125,120
northern-ca,mtbs_wildfire_burned_km2,True,True,double,double,True,126,121
northern-ca,mtbs_wildfire_fires,True,True,int32,int32,True,127,122
northern-ca,mtbs_wildfire_last_year,True,True,double,double,True,128,123
northern-ca,mtbs_wildfire_ever,True,True,bool,bool,True,129,124
northern-ca,mtbs_years_since_wildfire,True,True,double,double,True,130,125
northern-ca,mtbs_prescribed_burned_pct_land,True,True,double,double,True,131,126
northern-ca,mtbs_year_min,True,True,int64,int64,True,132,127
northern-ca,mtbs_year_max,True,True,int64,int64,True,133,128
northern-ca,mtbs_size_threshold,True,True,string,string,True,134,129
northern-ca,nifc_covered,True,True,bool,bool,True,135,130
northern-ca,nifc_wildfire_burned_pct_land,True,True,double,double,True,136,131
northern-ca,nifc_wildfire_burned_km2,True,True,double,double,True,137,132
northern-ca,nifc_wildfire_fires,True,True,int32,int32,True,138,133
northern-ca,nifc_wildfire_last_year,True,True,double,double,True,139,134
northern-ca,nifc_wildfire_ever,True,True,bool,bool,True,140,135
northern-ca,nifc_years_since_wildfire,True,True,double,double,True,141,136
northern-ca,nifc_prescribed_burned_pct_land,True,True,double,double,True,142,137
northern-ca,nifc_wildfire_fires_history,True,True,int32,int32,True,143,138
northern-ca,nifc_wildfire_fires_wfigs,True,True,int32,int32,True,144,139
northern-ca,nifc_year_min,True,True,int64,int64,True,145,140
northern-ca,nifc_year_max,True,True,int64,int64,True,146,141
northern-ca,fod_covered,True,True,bool,bool,True,147,142
northern-ca,fod_fires,True,True,int32,int32,True,148,143
northern-ca,fod_acres_ignited,True,True,double,double,True,149,144
northern-ca,fod_ignition_density,True,True,double,double,True,150,145
northern-ca,fod_human_fires,True,True,int32,int32,True,151,146
northern-ca,fod_natural_fires,True,True,int32,int32,True,152,147
northern-ca,fod_large_fires,True,True,int32,int32,True,153,148
northern-ca,fod_human_share,True,True,double,double,True,154,149
northern-ca,fod_human_share_classified,True,True,double,double,True,155,150
northern-ca,fod_cause_unknown_share,True,True,double,double,True,156,151
northern-ca,fod_last_fire_year,True,True,double,double,True,157,152
northern-ca,fod_largest_fire_acres,True,True,double,double,True,158,153
northern-ca,fod_ever,True,True,bool,bool,True,159,154
northern-ca,fod_year_min,True,True,int64,int64,True,160,155
northern-ca,fod_year_max,True,True,int64,int64,True,161,156
northern-ca,fod_edition,True,True,string,string,True,162,157
northern-ca,ghcn_covered,True,True,bool,bool,True,163,158
northern-ca,ghcn_stations_in_tract,True,True,int32,int32,True,164,159
northern-ca,ghcn_temp_stations_in_tract,True,True,int32,int32,True,165,160
northern-ca,ghcn_any_nearest_km,True,True,double,double,True,166,161
northern-ca,ghcn_temp_nearest_km,True,True,double,double,True,167,162
northern-ca,ghcn_prcp_nearest_km,True,True,double,double,True,168,163
northern-ca,ghcn_any_within_25km,True,True,int32,int32,True,169,164
northern-ca,ghcn_temp_within_25km,True,True,int32,int32,True,170,165
northern-ca,ghcn_anchor_unreliable,True,True,bool,bool,True,171,166
northern-ca,ghcn_year_min,True,True,int64,int64,True,172,167
northern-ca,ghcn_year_max,True,True,int64,int64,True,173,168
northern-ca,cdcw_covered,True,True,bool,bool,True,174,169
northern-ca,cdcw_grain,True,True,string,string,True,175,170
northern-ca,hwd_maxtemp_mean,True,True,double,double,True,176,171
northern-ca,hwd_maxtemp_change,True,True,double,double,True,177,172
northern-ca,hwd_maxtemp_trend_days_per_decade,True,True,double,double,True,178,173
northern-ca,hwd_maxtemp_trend_p,True,True,double,double,True,179,174
northern-ca,hwd_maxtemp_never_defined,True,True,bool,bool,True,180,175
northern-ca,hwd_heatindex_mean,True,True,double,double,True,181,176
northern-ca,hwd_heatindex_change,True,True,double,double,True,182,177
northern-ca,hwd_heatindex_trend_days_per_decade,True,True,double,double,True,183,178
northern-ca,hwd_heatindex_trend_p,True,True,double,double,True,184,179
northern-ca,hwd_heatindex_never_defined,True,True,bool,bool,True,185,180
northern-ca,hwd_heatstress_mean,True,True,double,double,True,186,181
northern-ca,hwd_heatstress_change,True,True,double,double,True,187,182
northern-ca,hwd_heatstress_trend_days_per_decade,True,True,double,double,True,188,183
northern-ca,hwd_heatstress_trend_p,True,True,double,double,True,189,184
northern-ca,hwd_heatstress_never_defined,True,True,bool,bool,True,190,185
northern-ca,cdcw_window_start,True,True,int64,int64,True,191,186
northern-ca,cdcw_window_end,True,True,int64,int64,True,192,187
northern-ca,gehe_covered,True,True,bool,bool,True,193,188
northern-ca,gehe_coverage_frac,True,True,double,double,True,194,189
northern-ca,gehe_wbgt28_days_mean,True,True,double,double,True,195,190
northern-ca,gehe_wbgt28_days_change,True,True,double,double,True,196,191
northern-ca,gehe_wbgt28_trend_days_per_yr,True,True,double,double,True,197,192
northern-ca,gehe_wbgt30_days_mean,True,True,double,double,True,198,193
northern-ca,gehe_wbgt30_days_change,True,True,double,double,True,199,194
northern-ca,gehe_wbgt30_trend_days_per_yr,True,True,double,double,True,200,195
northern-ca,gehe_wbgt32_days_mean,True,True,double,double,True,201,196
northern-ca,gehe_wbgt32_days_change,True,True,double,double,True,202,197
northern-ca,gehe_wbgt32_trend_days_per_yr,True,True,double,double,True,203,198
northern-ca,gehe_record_start,True,True,int64,int64,True,204,199
northern-ca,gehe_record_end,True,True,int64,int64,True,205,200
northern-ca,uhe_covered,True,True,bool,bool,True,206,201
northern-ca,uhe_city_name,True,True,string,string,True,207,202
northern-ca,uhe_city_country,True,True,string,string,True,208,203
northern-ca,uhe_overlap_frac,True,True,double,double,True,209,204
northern-ca,uhe_wbgtmax28_days_per_yr,True,True,double,double,True,210,205
northern-ca,uhe_wbgtmax30_days_per_yr,True,True,double,double,True,211,206
northern-ca,uhe_himax461_days_per_yr,True,True,double,double,True,212,207
northern-ca,pmdi_covered,True,True,bool,bool,True,213,208
northern-ca,pmdi_mean,True,True,double,double,True,214,209
northern-ca,pmdi_summer_mean,True,True,double,double,True,215,210
northern-ca,pmdi_winter_mean,True,True,double,double,True,216,211
northern-ca,pmdi_pct_months_severe,True,True,double,double,True,217,212
northern-ca,pmdi_recent_percentile,True,True,double,double,True,218,213
northern-ca,pmdi_mean_1895_2025,True,True,double,double,True,219,214
northern-ca,spi_covered,True,True,bool,bool,True,220,215
northern-ca,spi_calibration,True,True,double,double,True,221,216
northern-ca,spi03_mean,True,True,double,double,True,222,217
northern-ca,spi03_summer_mean,True,True,double,double,True,223,218
northern-ca,spi03_winter_mean,True,True,double,double,True,224,219
northern-ca,spi03_pct_months_d2,True,True,double,double,True,225,220
northern-ca,spi12_mean,True,True,double,double,True,226,221
northern-ca,spi12_summer_mean,True,True,double,double,True,227,222
northern-ca,spi12_winter_mean,True,True,double,double,True,228,223
northern-ca,spi12_pct_months_d2,True,True,double,double,True,229,224
northern-ca,drought_gov_window_start,True,True,int64,int64,True,230,225
northern-ca,drought_gov_window_end,True,True,int64,int64,True,231,226
northern-ca,frac_inside_aoi,False,True,,double,,,9
eastern-ok,GEOID,True,True,string,string,True,0,0
eastern-ok,STATEFP,True,True,string,string,True,1,1
eastern-ok,COUNTYFP,True,True,string,string,True,2,2
eastern-ok,state_usps,True,False,string,,,3,
eastern-ok,state_name,True,False,string,,,4,
eastern-ok,ALAND,True,True,int64,int64,True,5,3
eastern-ok,AWATER,True,False,int64,,,6,
eastern-ok,INTPTLAT,True,False,string,,,7,
eastern-ok,INTPTLON,True,False,string,,,8,
eastern-ok,pop_total,True,True,int64,int64,True,9,4
eastern-ok,pop_urban,True,True,int64,int64,True,10,5
eastern-ok,pop_rural,True,True,int64,int64,True,11,6
eastern-ok,pct_urban,True,True,double,double,True,12,7
eastern-ok,ur_class,True,True,string,string,True,13,8
eastern-ok,tract_vintage,True,False,int64,,,14,
eastern-ok,svi_covered,True,True,bool,bool,True,15,10
eastern-ok,svi_rank_universe,True,True,string,string,True,16,11
eastern-ok,svi_overall,True,True,double,double,True,17,12
eastern-ok,svi_socioeconomic,True,True,double,double,True,18,13
eastern-ok,svi_household,True,True,double,double,True,19,14
eastern-ok,svi_minority,True,True,double,double,True,20,15
eastern-ok,svi_housing_transport,True,True,double,double,True,21,16
eastern-ok,svi_pop,True,True,double,double,True,22,17
eastern-ok,svi_year,True,True,int64,int64,True,23,18
eastern-ok,cvi_covered,True,True,bool,bool,True,24,19
eastern-ok,cvi_xwalk_coverage,True,True,double,double,True,25,20
eastern-ok,cvi_overall,True,True,double,double,True,26,21
eastern-ok,cvi_baseline,True,True,double,double,True,27,22
eastern-ok,cvi_climate,True,True,double,double,True,28,23
eastern-ok,cvi_baseline_health,True,True,double,double,True,29,24
eastern-ok,cvi_baseline_socioeconomic,True,True,double,double,True,30,25
eastern-ok,cvi_baseline_infrastructure,True,True,double,double,True,31,26
eastern-ok,cvi_baseline_environment,True,True,double,double,True,32,27
eastern-ok,cvi_climate_health,True,True,double,double,True,33,28
eastern-ok,cvi_climate_socioeconomic,True,True,double,double,True,34,29
eastern-ok,cvi_climate_extreme_events,True,True,double,double,True,35,30
eastern-ok,cvi_source_vintage,True,True,int64,int64,True,36,31
eastern-ok,ruca_covered,True,True,bool,bool,True,37,32
eastern-ok,ruca_primary,True,True,double,double,True,38,33
eastern-ok,ruca_primary_desc,True,True,string,string,True,39,34
eastern-ok,ruca_secondary,True,True,double,double,True,40,35
eastern-ok,ruca_pop_density,True,True,double,double,True,41,36
eastern-ok,ruca_year,True,True,int64,int64,True,42,37
eastern-ok,rucc_covered,True,True,bool,bool,True,43,38
eastern-ok,rucc_2023,True,True,int64,int64,True,44,39
eastern-ok,rucc_desc,True,True,string,string,True,45,40
eastern-ok,rucc_metro,True,True,bool,bool,True,46,41
eastern-ok,rucc_year,True,True,int64,int64,True,47,42
eastern-ok,nchs_covered,True,True,bool,bool,True,48,43
eastern-ok,nchs_2013,True,True,double,double,True,49,44
eastern-ok,nchs_2013_label,True,True,string,string,True,50,45
eastern-ok,nchs_year,True,True,int64,int64,True,51,46
eastern-ok,tribal_any,True,True,bool,bool,True,52,47
eastern-ok,tribal_pct,True,True,double,double,True,53,48
eastern-ok,tribal_legal,True,True,bool,bool,True,54,49
eastern-ok,tribal_legal_pct,True,True,double,double,True,55,50
eastern-ok,tribal_statistical,True,True,bool,bool,True,56,51
eastern-ok,tribal_stat_pct,True,True,double,double,True,57,52
eastern-ok,aiannh_geoid,True,True,string,string,True,58,53
eastern-ok,aiannh_name,True,True,string,string,True,59,54
eastern-ok,aiannh_kind,True,True,string,string,True,60,55
eastern-ok,usdm_covered,True,True,bool,bool,True,61,56
eastern-ok,usdm_summer_dsci,True,True,double,double,True,62,57
eastern-ok,usdm_summer_pct_d0plus,True,True,double,double,True,63,58
eastern-ok,usdm_summer_pct_d2plus,True,True,double,double,True,64,59
eastern-ok,usdm_winter_dsci,True,True,double,double,True,65,60
eastern-ok,usdm_winter_pct_d0plus,True,True,double,double,True,66,61
eastern-ok,usdm_winter_pct_d2plus,True,True,double,double,True,67,62
eastern-ok,usdm_year_min,True,True,int64,int64,True,68,63
eastern-ok,usdm_year_max,True,True,int64,int64,True,69,64
eastern-ok,usfs_covered,True,True,bool,bool,True,70,65
eastern-ok,usfs_BP_mean,True,True,double,double,True,71,66
eastern-ok,usfs_CFL_mean,True,True,double,double,True,72,67
eastern-ok,usfs_CRPS_mean,True,True,double,double,True,73,68
eastern-ok,usfs_RPS_mean,True,True,double,double,True,74,69
eastern-ok,usfs_WHP_mean,True,True,double,double,True,75,70
eastern-ok,usfs_Exposure_mean,True,True,double,double,True,76,71
eastern-ok,usfs_FLEP4_mean,True,True,double,double,True,77,72
eastern-ok,usfs_FLEP8_mean,True,True,double,double,True,78,73
eastern-ok,usfs_CWiRRZ_majority_label,True,True,string,string,True,79,74
eastern-ok,usfs_CWiRRZ_majority_zone4_label,True,True,string,string,True,80,75
eastern-ok,usfs_BuildingCount_sum,True,True,double,double,True,81,76
eastern-ok,usfs_BuildingCover_mean,True,True,double,double,True,82,77
eastern-ok,usfs_BuildingDensity_mean,True,True,double,double,True,83,78
eastern-ok,usfs_HUCount_sum,True,True,double,double,True,84,79
eastern-ok,usfs_HUDen_mean,True,True,double,double,True,85,80
eastern-ok,usfs_HUExposure_mean,True,True,double,double,True,86,81
eastern-ok,usfs_HUImpact_mean,True,True,double,double,True,87,82
eastern-ok,usfs_HURisk_mean,True,True,double,double,True,88,83
eastern-ok,usfs_PopCount_sum,True,True,double,double,True,89,84
eastern-ok,usfs_PopDen_mean,True,True,double,double,True,90,85
eastern-ok,usfs_edition,True,True,string,string,True,91,86
eastern-ok,usfs_extent,True,True,string,string,True,92,87
eastern-ok,epht_covered,True,True,bool,bool,True,93,88
eastern-ok,epht_heat_days_summer,True,True,double,double,True,94,89
eastern-ok,epht_heat_days_annual,True,True,double,double,True,95,90
eastern-ok,epht_heat_events_summer,True,True,double,double,True,96,91
eastern-ok,epht_threshold,True,True,string,string,True,97,92
eastern-ok,epht_metric,True,True,string,string,True,98,93
eastern-ok,epht_year_min,True,True,int64,int64,True,99,94
eastern-ok,epht_year_max,True,True,int64,int64,True,100,95
eastern-ok,carbonplan_covered,True,True,bool,bool,True,101,96
eastern-ok,carbonplan_buildings,True,True,double,double,True,102,97
eastern-ok,carbonplan_bp_2011_mean,True,True,double,double,True,103,98
eastern-ok,carbonplan_bp_2011_median,True,True,double,double,True,104,99
eastern-ok,carbonplan_bp_2047_mean,True,True,double,double,True,105,100
eastern-ok,carbonplan_crps_mean,True,True,double,double,True,106,101
eastern-ok,carbonplan_rps_2011_mean,True,True,double,double,True,107,102
eastern-ok,carbonplan_rps_2011_median,True,True,double,double,True,108,103
eastern-ok,carbonplan_rps_2047_mean,True,True,double,double,True,109,104
eastern-ok,carbonplan_version,True,True,string,string,True,110,105
eastern-ok,usgs_covered,True,True,bool,bool,True,111,106
eastern-ok,usgs_wildland_fire_burned_pct_area,True,True,double,double,True,112,107
eastern-ok,usgs_wildfire_burned_pct_area,True,True,double,double,True,113,108
eastern-ok,usgs_wildfire_pct_area_2plus,True,True,double,double,True,114,109
eastern-ok,usgs_prescribed_burned_pct_area,True,True,double,double,True,115,110
eastern-ok,usgs_wildfire_return_interval_years,True,True,double,double,True,116,111
eastern-ok,usgs_wildfire_fires_per_burned_pixel,True,True,double,double,True,117,112
eastern-ok,usgs_first_year_burned,True,True,double,double,True,118,113
eastern-ok,usgs_last_year_burned,True,True,double,double,True,119,114
eastern-ok,usgs_years_since_last_fire,True,True,double,double,True,120,115
eastern-ok,usgs_wildfire_ever,True,True,bool,bool,True,121,116
eastern-ok,usgs_record_start,True,True,int64,int64,True,122,117
eastern-ok,usgs_record_end,True,True,int64,int64,True,123,118
eastern-ok,mtbs_covered,True,True,bool,bool,True,124,119
eastern-ok,mtbs_wildfire_burned_pct_land,True,True,double,double,True,125,120
eastern-ok,mtbs_wildfire_burned_km2,True,True,double,double,True,126,121
eastern-ok,mtbs_wildfire_fires,True,True,int32,int32,True,127,122
eastern-ok,mtbs_wildfire_last_year,True,True,double,double,True,128,123
eastern-ok,mtbs_wildfire_ever,True,True,bool,bool,True,129,124
eastern-ok,mtbs_years_since_wildfire,True,True,double,double,True,130,125
eastern-ok,mtbs_prescribed_burned_pct_land,True,True,double,double,True,131,126
eastern-ok,mtbs_year_min,True,True,int64,int64,True,132,127
eastern-ok,mtbs_year_max,True,True,int64,int64,True,133,128
eastern-ok,mtbs_size_threshold,True,True,string,string,True,134,129
eastern-ok,nifc_covered,True,True,bool,bool,True,135,130
eastern-ok,nifc_wildfire_burned_pct_land,True,True,double,double,True,136,131
eastern-ok,nifc_wildfire_burned_km2,True,True,double,double,True,137,132
eastern-ok,nifc_wildfire_fires,True,True,int32,int32,True,138,133
eastern-ok,nifc_wildfire_last_year,True,True,double,double,True,139,134
eastern-ok,nifc_wildfire_ever,True,True,bool,bool,True,140,135
eastern-ok,nifc_years_since_wildfire,True,True,double,double,True,141,136
eastern-ok,nifc_prescribed_burned_pct_land,True,True,double,double,True,142,137
eastern-ok,nifc_wildfire_fires_history,True,True,int32,int32,True,143,138
eastern-ok,nifc_wildfire_fires_wfigs,True,True,int32,int32,True,144,139
eastern-ok,nifc_year_min,True,True,int64,int64,True,145,140
eastern-ok,nifc_year_max,True,True,int64,int64,True,146,141
eastern-ok,fod_covered,True,True,bool,bool,True,147,142
eastern-ok,fod_fires,True,True,int32,int32,True,148,143
eastern-ok,fod_acres_ignited,True,True,double,double,True,149,144
eastern-ok,fod_ignition_density,True,True,double,double,True,150,145
eastern-ok,fod_human_fires,True,True,int32,int32,True,151,146
eastern-ok,fod_natural_fires,True,True,int32,int32,True,152,147
eastern-ok,fod_large_fires,True,True,int32,int32,True,153,148
eastern-ok,fod_human_share,True,True,double,double,True,154,149
eastern-ok,fod_human_share_classified,True,True,double,double,True,155,150
eastern-ok,fod_cause_unknown_share,True,True,double,double,True,156,151
eastern-ok,fod_last_fire_year,True,True,double,double,True,157,152
eastern-ok,fod_largest_fire_acres,True,True,double,double,True,158,153
eastern-ok,fod_ever,True,True,bool,bool,True,159,154
eastern-ok,fod_year_min,True,True,int64,int64,True,160,155
eastern-ok,fod_year_max,True,True,int64,int64,True,161,156
eastern-ok,fod_edition,True,True,string,string,True,162,157
eastern-ok,ghcn_covered,True,True,bool,bool,True,163,158
eastern-ok,ghcn_stations_in_tract,True,True,int32,int32,True,164,159
eastern-ok,ghcn_temp_stations_in_tract,True,True,int32,int32,True,165,160
eastern-ok,ghcn_any_nearest_km,True,True,double,double,True,166,161
eastern-ok,ghcn_temp_nearest_km,True,True,double,double,True,167,162
eastern-ok,ghcn_prcp_nearest_km,True,True,double,double,True,168,163
eastern-ok,ghcn_any_within_25km,True,True,int32,int32,True,169,164
eastern-ok,ghcn_temp_within_25km,True,True,int32,int32,True,170,165
eastern-ok,ghcn_anchor_unreliable,True,True,bool,bool,True,171,166
eastern-ok,ghcn_year_min,True,True,int64,int64,True,172,167
eastern-ok,ghcn_year_max,True,True,int64,int64,True,173,168
eastern-ok,cdcw_covered,True,True,bool,bool,True,174,169
eastern-ok,cdcw_grain,True,True,string,string,True,175,170
eastern-ok,hwd_maxtemp_mean,True,True,double,double,True,176,171
eastern-ok,hwd_maxtemp_change,True,True,double,double,True,177,172
eastern-ok,hwd_maxtemp_trend_days_per_decade,True,True,double,double,True,178,173
eastern-ok,hwd_maxtemp_trend_p,True,True,double,double,True,179,174
eastern-ok,hwd_maxtemp_never_defined,True,True,bool,bool,True,180,175
eastern-ok,hwd_heatindex_mean,True,True,double,double,True,181,176
eastern-ok,hwd_heatindex_change,True,True,double,double,True,182,177
eastern-ok,hwd_heatindex_trend_days_per_decade,True,True,double,double,True,183,178
eastern-ok,hwd_heatindex_trend_p,True,True,double,double,True,184,179
eastern-ok,hwd_heatindex_never_defined,True,True,bool,bool,True,185,180
eastern-ok,hwd_heatstress_mean,True,True,double,double,True,186,181
eastern-ok,hwd_heatstress_change,True,True,double,double,True,187,182
eastern-ok,hwd_heatstress_trend_days_per_decade,True,True,double,double,True,188,183
eastern-ok,hwd_heatstress_trend_p,True,True,double,double,True,189,184
eastern-ok,hwd_heatstress_never_defined,True,True,bool,bool,True,190,185
eastern-ok,cdcw_window_start,True,True,int64,int64,True,191,186
eastern-ok,cdcw_window_end,True,True,int64,int64,True,192,187
eastern-ok,gehe_covered,True,True,bool,bool,True,193,188
eastern-ok,gehe_coverage_frac,True,True,double,double,True,194,189
eastern-ok,gehe_wbgt28_days_mean,True,True,double,double,True,195,190
eastern-ok,gehe_wbgt28_days_change,True,True,double,double,True,196,191
eastern-ok,gehe_wbgt28_trend_days_per_yr,True,True,double,double,True,197,192
eastern-ok,gehe_wbgt30_days_mean,True,True,double,double,True,198,193
eastern-ok,gehe_wbgt30_days_change,True,True,double,double,True,199,194
eastern-ok,gehe_wbgt30_trend_days_per_yr,True,True,double,double,True,200,195
eastern-ok,gehe_wbgt32_days_mean,True,True,double,double,True,201,196
eastern-ok,gehe_wbgt32_days_change,True,True,double,double,True,202,197
eastern-ok,gehe_wbgt32_trend_days_per_yr,True,True,double,double,True,203,198
eastern-ok,gehe_record_start,True,True,int64,int64,True,204,199
eastern-ok,gehe_record_end,True,True,int64,int64,True,205,200
eastern-ok,uhe_covered,True,True,bool,bool,True,206,201
eastern-ok,uhe_city_name,True,True,string,string,True,207,202
eastern-ok,uhe_city_country,True,True,string,string,True,208,203
eastern-ok,uhe_overlap_frac,True,True,double,double,True,209,204
eastern-ok,uhe_wbgtmax28_days_per_yr,True,True,double,double,True,210,205
eastern-ok,uhe_wbgtmax30_days_per_yr,True,True,double,double,True,211,206
eastern-ok,uhe_himax461_days_per_yr,True,True,double,double,True,212,207
eastern-ok,pmdi_covered,True,True,bool,bool,True,213,208
eastern-ok,pmdi_mean,True,True,double,double,True,214,209
eastern-ok,pmdi_summer_mean,True,True,double,double,True,215,210
eastern-ok,pmdi_winter_mean,True,True,double,double,True,216,211
eastern-ok,pmdi_pct_months_severe,True,True,double,double,True,217,212
eastern-ok,pmdi_recent_percentile,True,True,double,double,True,218,213
eastern-ok,pmdi_mean_1895_2025,True,True,double,double,True,219,214
eastern-ok,spi_covered,True,True,bool,bool,True,220,215
eastern-ok,spi_calibration,True,True,double,double,True,221,216
eastern-ok,spi03_mean,True,True,double,double,True,222,217
eastern-ok,spi03_summer_mean,True,True,double,double,True,223,218
eastern-ok,spi03_winter_mean,True,True,double,double,True,224,219
eastern-ok,spi03_pct_months_d2,True,True,double,double,True,225,220
eastern-ok,spi12_mean,True,True,double,double,True,226,221
eastern-ok,spi12_summer_mean,True,True,double,double,True,227,222
eastern-ok,spi12_winter_mean,True,True,double,double,True,228,223
eastern-ok,spi12_pct_months_d2,True,True,double,double,True,229,224
eastern-ok,drought_gov_window_start,True,True,int64,int64,True,230,225
eastern-ok,drought_gov_window_end,True,True,int64,int64,True,231,226
eastern-ok,frac_inside_aoi,False,True,,double,,,9
south-central-tx,GEOID,True,True,string,string,True,0,0
south-central-tx,STATEFP,True,True,string,string,True,1,1
south-central-tx,COUNTYFP,True,True,string,string,True,2,2
south-central-tx,state_usps,True,False,string,,,3,
south-central-tx,state_name,True,False,string,,,4,
south-central-tx,ALAND,True,True,int64,int64,True,5,3
south-central-tx,AWATER,True,False,int64,,,6,
south-central-tx,INTPTLAT,True,False,string,,,7,
south-central-tx,INTPTLON,True,False,string,,,8,
south-central-tx,pop_total,True,True,int64,int64,True,9,4
south-central-tx,pop_urban,True,True,int64,int64,True,10,5
south-central-tx,pop_rural,True,True,int64,int64,True,11,6
south-central-tx,pct_urban,True,True,double,double,True,12,7
south-central-tx,ur_class,True,True,string,string,True,13,8
south-central-tx,tract_vintage,True,False,int64,,,14,
south-central-tx,svi_covered,True,True,bool,bool,True,15,10
south-central-tx,svi_rank_universe,True,True,string,string,True,16,11
south-central-tx,svi_overall,True,True,double,double,True,17,12
south-central-tx,svi_socioeconomic,True,True,double,double,True,18,13
south-central-tx,svi_household,True,True,double,double,True,19,14
south-central-tx,svi_minority,True,True,double,double,True,20,15
south-central-tx,svi_housing_transport,True,True,double,double,True,21,16
south-central-tx,svi_pop,True,True,double,double,True,22,17
south-central-tx,svi_year,True,True,int64,int64,True,23,18
south-central-tx,cvi_covered,True,True,bool,bool,True,24,19
south-central-tx,cvi_xwalk_coverage,True,True,double,double,True,25,20
south-central-tx,cvi_overall,True,True,double,double,True,26,21
south-central-tx,cvi_baseline,True,True,double,double,True,27,22
south-central-tx,cvi_climate,True,True,double,double,True,28,23
south-central-tx,cvi_baseline_health,True,True,double,double,True,29,24
south-central-tx,cvi_baseline_socioeconomic,True,True,double,double,True,30,25
south-central-tx,cvi_baseline_infrastructure,True,True,double,double,True,31,26
south-central-tx,cvi_baseline_environment,True,True,double,double,True,32,27
south-central-tx,cvi_climate_health,True,True,double,double,True,33,28
south-central-tx,cvi_climate_socioeconomic,True,True,double,double,True,34,29
south-central-tx,cvi_climate_extreme_events,True,True,double,double,True,35,30
south-central-tx,cvi_source_vintage,True,True,int64,int64,True,36,31
south-central-tx,ruca_covered,True,True,bool,bool,True,37,32
south-central-tx,ruca_primary,True,True,double,double,True,38,33
south-central-tx,ruca_primary_desc,True,True,string,string,True,39,34
south-central-tx,ruca_secondary,True,True,double,double,True,40,35
south-central-tx,ruca_pop_density,True,True,double,double,True,41,36
south-central-tx,ruca_year,True,True,int64,int64,True,42,37
south-central-tx,rucc_covered,True,True,bool,bool,True,43,38
south-central-tx,rucc_2023,True,True,int64,int64,True,44,39
south-central-tx,rucc_desc,True,True,string,string,True,45,40
south-central-tx,rucc_metro,True,True,bool,bool,True,46,41
south-central-tx,rucc_year,True,True,int64,int64,True,47,42
south-central-tx,nchs_covered,True,True,bool,bool,True,48,43
south-central-tx,nchs_2013,True,True,double,double,True,49,44
south-central-tx,nchs_2013_label,True,True,string,string,True,50,45
south-central-tx,nchs_year,True,True,int64,int64,True,51,46
south-central-tx,tribal_any,True,True,bool,bool,True,52,47
south-central-tx,tribal_pct,True,True,double,double,True,53,48
south-central-tx,tribal_legal,True,True,bool,bool,True,54,49
south-central-tx,tribal_legal_pct,True,True,double,double,True,55,50
south-central-tx,tribal_statistical,True,True,bool,bool,True,56,51
south-central-tx,tribal_stat_pct,True,True,double,double,True,57,52
south-central-tx,aiannh_geoid,True,True,string,string,True,58,53
south-central-tx,aiannh_name,True,True,string,string,True,59,54
south-central-tx,aiannh_kind,True,True,string,string,True,60,55
south-central-tx,usdm_covered,True,True,bool,bool,True,61,56
south-central-tx,usdm_summer_dsci,True,True,double,double,True,62,57
south-central-tx,usdm_summer_pct_d0plus,True,True,double,double,True,63,58
south-central-tx,usdm_summer_pct_d2plus,True,True,double,double,True,64,59
south-central-tx,usdm_winter_dsci,True,True,double,double,True,65,60
south-central-tx,usdm_winter_pct_d0plus,True,True,double,double,True,66,61
south-central-tx,usdm_winter_pct_d2plus,True,True,double,double,True,67,62
south-central-tx,usdm_year_min,True,True,int64,int64,True,68,63
south-central-tx,usdm_year_max,True,True,int64,int64,True,69,64
south-central-tx,usfs_covered,True,True,bool,bool,True,70,65
south-central-tx,usfs_BP_mean,True,True,double,double,True,71,66
south-central-tx,usfs_CFL_mean,True,True,double,double,True,72,67
south-central-tx,usfs_CRPS_mean,True,True,double,double,True,73,68
south-central-tx,usfs_RPS_mean,True,True,double,double,True,74,69
south-central-tx,usfs_WHP_mean,True,True,double,double,True,75,70
south-central-tx,usfs_Exposure_mean,True,True,double,double,True,76,71
south-central-tx,usfs_FLEP4_mean,True,True,double,double,True,77,72
south-central-tx,usfs_FLEP8_mean,True,True,double,double,True,78,73
south-central-tx,usfs_CWiRRZ_majority_label,True,True,string,string,True,79,74
south-central-tx,usfs_CWiRRZ_majority_zone4_label,True,True,string,string,True,80,75
south-central-tx,usfs_BuildingCount_sum,True,True,double,double,True,81,76
south-central-tx,usfs_BuildingCover_mean,True,True,double,double,True,82,77
south-central-tx,usfs_BuildingDensity_mean,True,True,double,double,True,83,78
south-central-tx,usfs_HUCount_sum,True,True,double,double,True,84,79
south-central-tx,usfs_HUDen_mean,True,True,double,double,True,85,80
south-central-tx,usfs_HUExposure_mean,True,True,double,double,True,86,81
south-central-tx,usfs_HUImpact_mean,True,True,double,double,True,87,82
south-central-tx,usfs_HURisk_mean,True,True,double,double,True,88,83
south-central-tx,usfs_PopCount_sum,True,True,double,double,True,89,84
south-central-tx,usfs_PopDen_mean,True,True,double,double,True,90,85
south-central-tx,usfs_edition,True,True,string,string,True,91,86
south-central-tx,usfs_extent,True,True,string,string,True,92,87
south-central-tx,epht_covered,True,True,bool,bool,True,93,88
south-central-tx,epht_heat_days_summer,True,True,double,double,True,94,89
south-central-tx,epht_heat_days_annual,True,True,double,double,True,95,90
south-central-tx,epht_heat_events_summer,True,True,double,double,True,96,91
south-central-tx,epht_threshold,True,True,string,string,True,97,92
south-central-tx,epht_metric,True,True,string,string,True,98,93
south-central-tx,epht_year_min,True,True,int64,int64,True,99,94
south-central-tx,epht_year_max,True,True,int64,int64,True,100,95
south-central-tx,carbonplan_covered,True,True,bool,bool,True,101,96
south-central-tx,carbonplan_buildings,True,True,double,double,True,102,97
south-central-tx,carbonplan_bp_2011_mean,True,True,double,double,True,103,98
south-central-tx,carbonplan_bp_2011_median,True,True,double,double,True,104,99
south-central-tx,carbonplan_bp_2047_mean,True,True,double,double,True,105,100
south-central-tx,carbonplan_crps_mean,True,True,double,double,True,106,101
south-central-tx,carbonplan_rps_2011_mean,True,True,double,double,True,107,102
south-central-tx,carbonplan_rps_2011_median,True,True,double,double,True,108,103
south-central-tx,carbonplan_rps_2047_mean,True,True,double,double,True,109,104
south-central-tx,carbonplan_version,True,True,string,string,True,110,105
south-central-tx,usgs_covered,True,True,bool,bool,True,111,106
south-central-tx,usgs_wildland_fire_burned_pct_area,True,True,double,double,True,112,107
south-central-tx,usgs_wildfire_burned_pct_area,True,True,double,double,True,113,108
south-central-tx,usgs_wildfire_pct_area_2plus,True,True,double,double,True,114,109
south-central-tx,usgs_prescribed_burned_pct_area,True,True,double,double,True,115,110
south-central-tx,usgs_wildfire_return_interval_years,True,True,double,double,True,116,111
south-central-tx,usgs_wildfire_fires_per_burned_pixel,True,True,double,double,True,117,112
south-central-tx,usgs_first_year_burned,True,True,double,double,True,118,113
south-central-tx,usgs_last_year_burned,True,True,double,double,True,119,114
south-central-tx,usgs_years_since_last_fire,True,True,double,double,True,120,115
south-central-tx,usgs_wildfire_ever,True,True,bool,bool,True,121,116
south-central-tx,usgs_record_start,True,True,int64,int64,True,122,117
south-central-tx,usgs_record_end,True,True,int64,int64,True,123,118
south-central-tx,mtbs_covered,True,True,bool,bool,True,124,119
south-central-tx,mtbs_wildfire_burned_pct_land,True,True,double,double,True,125,120
south-central-tx,mtbs_wildfire_burned_km2,True,True,double,double,True,126,121
south-central-tx,mtbs_wildfire_fires,True,True,int32,int32,True,127,122
south-central-tx,mtbs_wildfire_last_year,True,True,double,double,True,128,123
south-central-tx,mtbs_wildfire_ever,True,True,bool,bool,True,129,124
south-central-tx,mtbs_years_since_wildfire,True,True,double,double,True,130,125
south-central-tx,mtbs_prescribed_burned_pct_land,True,True,double,double,True,131,126
south-central-tx,mtbs_year_min,True,True,int64,int64,True,132,127
south-central-tx,mtbs_year_max,True,True,int64,int64,True,133,128
south-central-tx,mtbs_size_threshold,True,True,string,string,True,134,129
south-central-tx,nifc_covered,True,True,bool,bool,True,135,130
south-central-tx,nifc_wildfire_burned_pct_land,True,True,double,double,True,136,131
south-central-tx,nifc_wildfire_burned_km2,True,True,double,double,True,137,132
south-central-tx,nifc_wildfire_fires,True,True,int32,int32,True,138,133
south-central-tx,nifc_wildfire_last_year,True,True,double,double,True,139,134
south-central-tx,nifc_wildfire_ever,True,True,bool,bool,True,140,135
south-central-tx,nifc_years_since_wildfire,True,True,double,double,True,141,136
south-central-tx,nifc_prescribed_burned_pct_land,True,True,double,double,True,142,137
south-central-tx,nifc_wildfire_fires_history,True,True,int32,int32,True,143,138
south-central-tx,nifc_wildfire_fires_wfigs,True,True,int32,int32,True,144,139
south-central-tx,nifc_year_min,True,True,int64,int64,True,145,140
south-central-tx,nifc_year_max,True,True,int64,int64,True,146,141
south-central-tx,fod_covered,True,True,bool,bool,True,147,142
south-central-tx,fod_fires,True,True,int32,int32,True,148,143
south-central-tx,fod_acres_ignited,True,True,double,double,True,149,144
south-central-tx,fod_ignition_density,True,True,double,double,True,150,145
south-central-tx,fod_human_fires,True,True,int32,int32,True,151,146
south-central-tx,fod_natural_fires,True,True,int32,int32,True,152,147
south-central-tx,fod_large_fires,True,True,int32,int32,True,153,148
south-central-tx,fod_human_share,True,True,double,double,True,154,149
south-central-tx,fod_human_share_classified,True,True,double,double,True,155,150
south-central-tx,fod_cause_unknown_share,True,True,double,double,True,156,151
south-central-tx,fod_last_fire_year,True,True,double,double,True,157,152
south-central-tx,fod_largest_fire_acres,True,True,double,double,True,158,153
south-central-tx,fod_ever,True,True,bool,bool,True,159,154
south-central-tx,fod_year_min,True,True,int64,int64,True,160,155
south-central-tx,fod_year_max,True,True,int64,int64,True,161,156
south-central-tx,fod_edition,True,True,string,string,True,162,157
south-central-tx,ghcn_covered,True,True,bool,bool,True,163,158
south-central-tx,ghcn_stations_in_tract,True,True,int32,int32,True,164,159
south-central-tx,ghcn_temp_stations_in_tract,True,True,int32,int32,True,165,160
south-central-tx,ghcn_any_nearest_km,True,True,double,double,True,166,161
south-central-tx,ghcn_temp_nearest_km,True,True,double,double,True,167,162
south-central-tx,ghcn_prcp_nearest_km,True,True,double,double,True,168,163
south-central-tx,ghcn_any_within_25km,True,True,int32,int32,True,169,164
south-central-tx,ghcn_temp_within_25km,True,True,int32,int32,True,170,165
south-central-tx,ghcn_anchor_unreliable,True,True,bool,bool,True,171,166
south-central-tx,ghcn_year_min,True,True,int64,int64,True,172,167
south-central-tx,ghcn_year_max,True,True,int64,int64,True,173,168
south-central-tx,cdcw_covered,True,True,bool,bool,True,174,169
south-central-tx,cdcw_grain,True,True,string,string,True,175,170
south-central-tx,hwd_maxtemp_mean,True,True,double,double,True,176,171
south-central-tx,hwd_maxtemp_change,True,True,double,double,True,177,172
south-central-tx,hwd_maxtemp_trend_days_per_decade,True,True,double,double,True,178,173
south-central-tx,hwd_maxtemp_trend_p,True,True,double,double,True,179,174
south-central-tx,hwd_maxtemp_never_defined,True,True,bool,bool,True,180,175
south-central-tx,hwd_heatindex_mean,True,True,double,double,True,181,176
south-central-tx,hwd_heatindex_change,True,True,double,double,True,182,177
south-central-tx,hwd_heatindex_trend_days_per_decade,True,True,double,double,True,183,178
south-central-tx,hwd_heatindex_trend_p,True,True,double,double,True,184,179
south-central-tx,hwd_heatindex_never_defined,True,True,bool,bool,True,185,180
south-central-tx,hwd_heatstress_mean,True,True,double,double,True,186,181
south-central-tx,hwd_heatstress_change,True,True,double,double,True,187,182
south-central-tx,hwd_heatstress_trend_days_per_decade,True,True,double,double,True,188,183
south-central-tx,hwd_heatstress_trend_p,True,True,double,double,True,189,184
south-central-tx,hwd_heatstress_never_defined,True,True,bool,bool,True,190,185
south-central-tx,cdcw_window_start,True,True,int64,int64,True,191,186
south-central-tx,cdcw_window_end,True,True,int64,int64,True,192,187
south-central-tx,gehe_covered,True,True,bool,bool,True,193,188
south-central-tx,gehe_coverage_frac,True,True,double,double,True,194,189
south-central-tx,gehe_wbgt28_days_mean,True,True,double,double,True,195,190
south-central-tx,gehe_wbgt28_days_change,True,True,double,double,True,196,191
south-central-tx,gehe_wbgt28_trend_days_per_yr,True,True,double,double,True,197,192
south-central-tx,gehe_wbgt30_days_mean,True,True,double,double,True,198,193
south-central-tx,gehe_wbgt30_days_change,True,True,double,double,True,199,194
south-central-tx,gehe_wbgt30_trend_days_per_yr,True,True,double,double,True,200,195
south-central-tx,gehe_wbgt32_days_mean,True,True,double,double,True,201,196
south-central-tx,gehe_wbgt32_days_change,True,True,double,double,True,202,197
south-central-tx,gehe_wbgt32_trend_days_per_yr,True,True,double,double,True,203,198
south-central-tx,gehe_record_start,True,True,int64,int64,True,204,199
south-central-tx,gehe_record_end,True,True,int64,int64,True,205,200
south-central-tx,uhe_covered,True,True,bool,bool,True,206,201
south-central-tx,uhe_city_name,True,True,string,string,True,207,202
south-central-tx,uhe_city_country,True,True,string,string,True,208,203
south-central-tx,uhe_overlap_frac,True,True,double,double,True,209,204
south-central-tx,uhe_wbgtmax28_days_per_yr,True,True,double,double,True,210,205
south-central-tx,uhe_wbgtmax30_days_per_yr,True,True,double,double,True,211,206
south-central-tx,uhe_himax461_days_per_yr,True,True,double,double,True,212,207
south-central-tx,pmdi_covered,True,True,bool,bool,True,213,208
south-central-tx,pmdi_mean,True,True,double,double,True,214,209
south-central-tx,pmdi_summer_mean,True,True,double,double,True,215,210
south-central-tx,pmdi_winter_mean,True,True,double,double,True,216,211
south-central-tx,pmdi_pct_months_severe,True,True,double,double,True,217,212
south-central-tx,pmdi_recent_percentile,True,True,double,double,True,218,213
south-central-tx,pmdi_mean_1895_2025,True,True,double,double,True,219,214
south-central-tx,spi_covered,True,True,bool,bool,True,220,215
south-central-tx,spi_calibration,True,True,double,double,True,221,216
south-central-tx,spi03_mean,True,True,double,double,True,222,217
south-central-tx,spi03_summer_mean,True,True,double,double,True,223,218
south-central-tx,spi03_winter_mean,True,True,double,double,True,224,219
south-central-tx,spi03_pct_months_d2,True,True,double,double,True,225,220
south-central-tx,spi12_mean,True,True,double,double,True,226,221
south-central-tx,spi12_summer_mean,True,True,double,double,True,227,222
south-central-tx,spi12_winter_mean,True,True,double,double,True,228,223
south-central-tx,spi12_pct_months_d2,True,True,double,double,True,229,224
south-central-tx,drought_gov_window_start,True,True,int64,int64,True,230,225
south-central-tx,drought_gov_window_end,True,True,int64,int64,True,231,226
south-central-tx,frac_inside_aoi,False,True,,double,,,9
